k	fr	to	eid	tau	t0	t1	kind
0	n77^0	n76^1	e92r	1	0	1	real
1	n77^1	n76^2	e92r	1	1	2	real
2	n77^2	n76^3	e92r	1	2	3	real
3	n77^3	n76^4	e92r	1	3	4	real
4	n77^4	n76^5	e92r	1	4	5	real
5	n77^5	n76^6	e92r	1	5	6	real
6	n77^6	n76^7	e92r	1	6	7	real
7	n77^7	n76^8	e92r	1	7	8	real
8	n77^8	n76^9	e92r	1	8	9	real
9	n77^9	n76^10	e92r	1	9	10	real
10	n77^10	n76^11	e92r	1	10	11	real
11	n77^11	n76^12	e92r	1	11	12	real
12	n77^12	n76^13	e92r	1	12	13	real
13	n77^13	n76^14	e92r	1	13	14	real
14	n77^14	n76^15	e92r	1	14	15	real
15	n77^15	n76^16	e92r	1	15	16	real
16	n77^16	n76^17	e92r	1	16	17	real
17	n77^17	n76^18	e92r	1	17	18	real
18	n77^18	n76^19	e92r	1	18	19	real
19	n77^19	n76^20	e92r	1	19	20	real
20	n77^20	n76^21	e92r	1	20	21	real
21	n77^21	n76^22	e92r	1	21	22	real
22	n77^22	n76^23	e92r	1	22	23	real
23	n77^23	n76^24	e92r	1	23	24	real
24	n77^24	n76^25	e92r	1	24	25	real
25	n77^25	n76^26	e92r	1	25	26	real
26	n77^26	n76^27	e92r	1	26	27	real
27	n77^27	n76^28	e92r	1	27	28	real
28	n77^28	n76^29	e92r	1	28	29	real
29	n59^0	n46^2	e66r	2	0	2	real
30	n59^1	n46^3	e66r	2	1	3	real
31	n59^2	n46^4	e66r	2	2	4	real
32	n59^3	n46^5	e66r	2	3	5	real
33	n59^4	n46^6	e66r	2	4	6	real
34	n59^5	n46^7	e66r	2	5	7	real
35	n59^6	n46^8	e66r	2	6	8	real
36	n59^7	n46^9	e66r	2	7	9	real
37	n59^8	n46^10	e66r	2	8	10	real
38	n59^9	n46^11	e66r	2	9	11	real
39	n59^10	n46^12	e66r	2	10	12	real
40	n59^11	n46^13	e66r	2	11	13	real
41	n59^12	n46^14	e66r	2	12	14	real
42	n59^13	n46^15	e66r	2	13	15	real
43	n59^14	n46^16	e66r	2	14	16	real
44	n59^15	n46^17	e66r	2	15	17	real
45	n59^16	n46^18	e66r	2	16	18	real
46	n59^17	n46^19	e66r	2	17	19	real
47	n59^18	n46^20	e66r	2	18	20	real
48	n59^19	n46^21	e66r	2	19	21	real
49	n59^20	n46^22	e66r	2	20	22	real
50	n59^21	n46^23	e66r	2	21	23	real
51	n59^22	n46^24	e66r	2	22	24	real
52	n59^23	n46^25	e66r	2	23	25	real
53	n59^24	n46^26	e66r	2	24	26	real
54	n59^25	n46^27	e66r	2	25	27	real
55	n59^26	n46^28	e66r	2	26	28	real
56	n59^27	n46^29	e66r	2	27	29	real
57	n59^28	n46^30	e66r	2	28	30	real
58	n59^29	n46^31	e66r	2	29	31	real
59	n59^30	n46^32	e66r	2	30	32	real
60	n59^31	n46^33	e66r	2	31	33	real
61	n59^32	n46^34	e66r	2	32	34	real
62	n59^33	n46^35	e66r	2	33	35	real
63	n59^34	n46^36	e66r	2	34	36	real
64	n59^35	n46^37	e66r	2	35	37	real
65	n79^0	n77^1	e94r	1	0	1	real
66	n79^1	n77^2	e94r	1	1	2	real
67	n79^2	n77^3	e94r	1	2	3	real
68	n79^3	n77^4	e94r	1	3	4	real
69	n79^4	n77^5	e94r	1	4	5	real
70	n79^5	n77^6	e94r	1	5	6	real
71	n79^6	n77^7	e94r	1	6	7	real
72	n79^7	n77^8	e94r	1	7	8	real
73	n79^8	n77^9	e94r	1	8	9	real
74	n79^9	n77^10	e94r	1	9	10	real
75	n79^10	n77^11	e94r	1	10	11	real
76	n79^11	n77^12	e94r	1	11	12	real
77	n79^12	n77^13	e94r	1	12	13	real
78	n79^13	n77^14	e94r	1	13	14	real
79	n79^14	n77^15	e94r	1	14	15	real
80	n79^15	n77^16	e94r	1	15	16	real
81	n79^16	n77^17	e94r	1	16	17	real
82	n79^17	n77^18	e94r	1	17	18	real
83	n79^18	n77^19	e94r	1	18	19	real
84	n79^19	n77^20	e94r	1	19	20	real
85	n79^20	n77^21	e94r	1	20	21	real
86	n79^21	n77^22	e94r	1	21	22	real
87	n79^22	n77^23	e94r	1	22	23	real
88	n79^23	n77^24	e94r	1	23	24	real
89	n79^24	n77^25	e94r	1	24	25	real
90	n79^25	n77^26	e94r	1	25	26	real
91	n79^26	n77^27	e94r	1	26	27	real
92	n79^27	n77^28	e94r	1	27	28	real
93	n63^0	n60^1	e75r	1	0	1	real
94	n63^1	n60^2	e75r	1	1	2	real
95	n63^2	n60^3	e75r	1	2	3	real
96	n63^3	n60^4	e75r	1	3	4	real
97	n63^4	n60^5	e75r	1	4	5	real
98	n63^5	n60^6	e75r	1	5	6	real
99	n63^6	n60^7	e75r	1	6	7	real
100	n63^7	n60^8	e75r	1	7	8	real
101	n63^8	n60^9	e75r	1	8	9	real
102	n63^9	n60^10	e75r	1	9	10	real
103	n63^10	n60^11	e75r	1	10	11	real
104	n63^11	n60^12	e75r	1	11	12	real
105	n63^12	n60^13	e75r	1	12	13	real
106	n63^13	n60^14	e75r	1	13	14	real
107	n63^14	n60^15	e75r	1	14	15	real
108	n63^15	n60^16	e75r	1	15	16	real
109	n63^16	n60^17	e75r	1	16	17	real
110	n63^17	n60^18	e75r	1	17	18	real
111	n63^18	n60^19	e75r	1	18	19	real
112	n63^19	n60^20	e75r	1	19	20	real
113	n63^20	n60^21	e75r	1	20	21	real
114	n63^21	n60^22	e75r	1	21	22	real
115	n63^22	n60^23	e75r	1	22	23	real
116	n63^23	n60^24	e75r	1	23	24	real
117	n63^24	n60^25	e75r	1	24	25	real
118	n63^25	n60^26	e75r	1	25	26	real
119	n63^26	n60^27	e75r	1	26	27	real
120	n63^27	n60^28	e75r	1	27	28	real
121	n63^28	n60^29	e75r	1	28	29	real
122	n63^29	n60^30	e75r	1	29	30	real
123	n63^30	n60^31	e75r	1	30	31	real
124	n63^31	n60^32	e75r	1	31	32	real
125	n63^32	n60^33	e75r	1	32	33	real
126	n63^33	n60^34	e75r	1	33	34	real
127	n14^0	n9^1	e12r	1	0	1	real
128	n14^1	n9^2	e12r	1	1	2	real
129	n14^2	n9^3	e12r	1	2	3	real
130	n14^3	n9^4	e12r	1	3	4	real
131	n14^4	n9^5	e12r	1	4	5	real
132	n14^5	n9^6	e12r	1	5	6	real
133	n14^6	n9^7	e12r	1	6	7	real
134	n14^7	n9^8	e12r	1	7	8	real
135	n14^8	n9^9	e12r	1	8	9	real
136	n14^9	n9^10	e12r	1	9	10	real
137	n14^10	n9^11	e12r	1	10	11	real
138	n14^11	n9^12	e12r	1	11	12	real
139	n14^12	n9^13	e12r	1	12	13	real
140	n14^13	n9^14	e12r	1	13	14	real
141	n14^14	n9^15	e12r	1	14	15	real
142	n14^15	n9^16	e12r	1	15	16	real
143	n14^16	n9^17	e12r	1	16	17	real
144	n14^17	n9^18	e12r	1	17	18	real
145	n14^18	n9^19	e12r	1	18	19	real
146	n14^19	n9^20	e12r	1	19	20	real
147	n14^20	n9^21	e12r	1	20	21	real
148	n14^21	n9^22	e12r	1	21	22	real
149	n14^22	n9^23	e12r	1	22	23	real
150	n14^23	n9^24	e12r	1	23	24	real
151	n14^24	n9^25	e12r	1	24	25	real
152	n14^25	n9^26	e12r	1	25	26	real
153	n14^26	n9^27	e12r	1	26	27	real
154	n14^27	n9^28	e12r	1	27	28	real
155	n14^28	n9^29	e12r	1	28	29	real
156	n14^29	n9^30	e12r	1	29	30	real
157	n14^30	n9^31	e12r	1	30	31	real
158	n14^31	n9^32	e12r	1	31	32	real
159	n14^32	n9^33	e12r	1	32	33	real
160	n14^33	n9^34	e12r	1	33	34	real
161	n14^34	n9^35	e12r	1	34	35	real
162	n14^35	n9^36	e12r	1	35	36	real
163	n14^36	n9^37	e12r	1	36	37	real
164	n14^37	n9^38	e12r	1	37	38	real
165	n14^38	n9^39	e12r	1	38	39	real
166	n14^39	n9^40	e12r	1	39	40	real
167	n14^40	n9^41	e12r	1	40	41	real
168	n14^41	n9^42	e12r	1	41	42	real
169	n14^42	n9^43	e12r	1	42	43	real
170	n14^43	n9^44	e12r	1	43	44	real
171	n14^44	n9^45	e12r	1	44	45	real
172	n73^0	n70^1	e86r	1	0	1	real
173	n73^1	n70^2	e86r	1	1	2	real
174	n73^2	n70^3	e86r	1	2	3	real
175	n73^3	n70^4	e86r	1	3	4	real
176	n73^4	n70^5	e86r	1	4	5	real
177	n73^5	n70^6	e86r	1	5	6	real
178	n73^6	n70^7	e86r	1	6	7	real
179	n73^7	n70^8	e86r	1	7	8	real
180	n73^8	n70^9	e86r	1	8	9	real
181	n73^9	n70^10	e86r	1	9	10	real
182	n73^10	n70^11	e86r	1	10	11	real
183	n73^11	n70^12	e86r	1	11	12	real
184	n73^12	n70^13	e86r	1	12	13	real
185	n73^13	n70^14	e86r	1	13	14	real
186	n73^14	n70^15	e86r	1	14	15	real
187	n73^15	n70^16	e86r	1	15	16	real
188	n73^16	n70^17	e86r	1	16	17	real
189	n73^17	n70^18	e86r	1	17	18	real
190	n73^18	n70^19	e86r	1	18	19	real
191	n73^19	n70^20	e86r	1	19	20	real
192	n73^20	n70^21	e86r	1	20	21	real
193	n73^21	n70^22	e86r	1	21	22	real
194	n73^22	n70^23	e86r	1	22	23	real
195	n73^23	n70^24	e86r	1	23	24	real
196	n73^24	n70^25	e86r	1	24	25	real
197	n73^25	n70^26	e86r	1	25	26	real
198	n73^26	n70^27	e86r	1	26	27	real
199	n73^27	n70^28	e86r	1	27	28	real
200	n73^28	n70^29	e86r	1	28	29	real
201	n73^29	n70^30	e86r	1	29	30	real
202	n73^30	n70^31	e86r	1	30	31	real
203	n7^0	n1^1	e6	1	0	1	real
204	n7^1	n1^2	e6	1	1	2	real
205	n7^2	n1^3	e6	1	2	3	real
206	n7^3	n1^4	e6	1	3	4	real
207	n7^4	n1^5	e6	1	4	5	real
208	n7^5	n1^6	e6	1	5	6	real
209	n7^6	n1^7	e6	1	6	7	real
210	n7^7	n1^8	e6	1	7	8	real
211	n7^8	n1^9	e6	1	8	9	real
212	n7^9	n1^10	e6	1	9	10	real
213	n7^10	n1^11	e6	1	10	11	real
214	n7^11	n1^12	e6	1	11	12	real
215	n7^12	n1^13	e6	1	12	13	real
216	n7^13	n1^14	e6	1	13	14	real
217	n7^14	n1^15	e6	1	14	15	real
218	n7^15	n1^16	e6	1	15	16	real
219	n7^16	n1^17	e6	1	16	17	real
220	n7^17	n1^18	e6	1	17	18	real
221	n7^18	n1^19	e6	1	18	19	real
222	n7^19	n1^20	e6	1	19	20	real
223	n7^20	n1^21	e6	1	20	21	real
224	n7^21	n1^22	e6	1	21	22	real
225	n7^22	n1^23	e6	1	22	23	real
226	n7^23	n1^24	e6	1	23	24	real
227	n7^24	n1^25	e6	1	24	25	real
228	n7^25	n1^26	e6	1	25	26	real
229	n7^26	n1^27	e6	1	26	27	real
230	n7^27	n1^28	e6	1	27	28	real
231	n7^28	n1^29	e6	1	28	29	real
232	n7^29	n1^30	e6	1	29	30	real
233	n7^30	n1^31	e6	1	30	31	real
234	n7^31	n1^32	e6	1	31	32	real
235	n7^32	n1^33	e6	1	32	33	real
236	n7^33	n1^34	e6	1	33	34	real
237	n7^34	n1^35	e6	1	34	35	real
238	n7^35	n1^36	e6	1	35	36	real
239	n7^36	n1^37	e6	1	36	37	real
240	n7^37	n1^38	e6	1	37	38	real
241	n7^38	n1^39	e6	1	38	39	real
242	n7^39	n1^40	e6	1	39	40	real
243	n7^40	n1^41	e6	1	40	41	real
244	n7^41	n1^42	e6	1	41	42	real
245	n7^42	n1^43	e6	1	42	43	real
246	n7^43	n1^44	e6	1	43	44	real
247	n7^44	n1^45	e6	1	44	45	real
248	n7^45	n1^46	e6	1	45	46	real
249	n7^46	n1^47	e6	1	46	47	real
250	n28^0	n17^2	e25r	2	0	2	real
251	n28^1	n17^3	e25r	2	1	3	real
252	n28^2	n17^4	e25r	2	2	4	real
253	n28^3	n17^5	e25r	2	3	5	real
254	n28^4	n17^6	e25r	2	4	6	real
255	n28^5	n17^7	e25r	2	5	7	real
256	n28^6	n17^8	e25r	2	6	8	real
257	n28^7	n17^9	e25r	2	7	9	real
258	n28^8	n17^10	e25r	2	8	10	real
259	n28^9	n17^11	e25r	2	9	11	real
260	n28^10	n17^12	e25r	2	10	12	real
261	n28^11	n17^13	e25r	2	11	13	real
262	n28^12	n17^14	e25r	2	12	14	real
263	n28^13	n17^15	e25r	2	13	15	real
264	n28^14	n17^16	e25r	2	14	16	real
265	n28^15	n17^17	e25r	2	15	17	real
266	n28^16	n17^18	e25r	2	16	18	real
267	n28^17	n17^19	e25r	2	17	19	real
268	n28^18	n17^20	e25r	2	18	20	real
269	n28^19	n17^21	e25r	2	19	21	real
270	n28^20	n17^22	e25r	2	20	22	real
271	n28^21	n17^23	e25r	2	21	23	real
272	n28^22	n17^24	e25r	2	22	24	real
273	n28^23	n17^25	e25r	2	23	25	real
274	n28^24	n17^26	e25r	2	24	26	real
275	n28^25	n17^27	e25r	2	25	27	real
276	n28^26	n17^28	e25r	2	26	28	real
277	n28^27	n17^29	e25r	2	27	29	real
278	n28^28	n17^30	e25r	2	28	30	real
279	n28^29	n17^31	e25r	2	29	31	real
280	n28^30	n17^32	e25r	2	30	32	real
281	n28^31	n17^33	e25r	2	31	33	real
282	n28^32	n17^34	e25r	2	32	34	real
283	n28^33	n17^35	e25r	2	33	35	real
284	n28^34	n17^36	e25r	2	34	36	real
285	n28^35	n17^37	e25r	2	35	37	real
286	n28^36	n17^38	e25r	2	36	38	real
287	n28^37	n17^39	e25r	2	37	39	real
288	n28^38	n17^40	e25r	2	38	40	real
289	n28^39	n17^41	e25r	2	39	41	real
290	n28^40	n17^42	e25r	2	40	42	real
291	n28^41	n17^43	e25r	2	41	43	real
292	n76^0	n73^1	e90r	1	0	1	real
293	n76^1	n73^2	e90r	1	1	2	real
294	n76^2	n73^3	e90r	1	2	3	real
295	n76^3	n73^4	e90r	1	3	4	real
296	n76^4	n73^5	e90r	1	4	5	real
297	n76^5	n73^6	e90r	1	5	6	real
298	n76^6	n73^7	e90r	1	6	7	real
299	n76^7	n73^8	e90r	1	7	8	real
300	n76^8	n73^9	e90r	1	8	9	real
301	n76^9	n73^10	e90r	1	9	10	real
302	n76^10	n73^11	e90r	1	10	11	real
303	n76^11	n73^12	e90r	1	11	12	real
304	n76^12	n73^13	e90r	1	12	13	real
305	n76^13	n73^14	e90r	1	13	14	real
306	n76^14	n73^15	e90r	1	14	15	real
307	n76^15	n73^16	e90r	1	15	16	real
308	n76^16	n73^17	e90r	1	16	17	real
309	n76^17	n73^18	e90r	1	17	18	real
310	n76^18	n73^19	e90r	1	18	19	real
311	n76^19	n73^20	e90r	1	19	20	real
312	n76^20	n73^21	e90r	1	20	21	real
313	n76^21	n73^22	e90r	1	21	22	real
314	n76^22	n73^23	e90r	1	22	23	real
315	n76^23	n73^24	e90r	1	23	24	real
316	n76^24	n73^25	e90r	1	24	25	real
317	n76^25	n73^26	e90r	1	25	26	real
318	n76^26	n73^27	e90r	1	26	27	real
319	n76^27	n73^28	e90r	1	27	28	real
320	n76^28	n73^29	e90r	1	28	29	real
321	n76^29	n73^30	e90r	1	29	30	real
322	n41^0	n28^3	e42	3	0	3	real
323	n41^1	n28^4	e42	3	1	4	real
324	n41^2	n28^5	e42	3	2	5	real
325	n41^3	n28^6	e42	3	3	6	real
326	n41^4	n28^7	e42	3	4	7	real
327	n41^5	n28^8	e42	3	5	8	real
328	n41^6	n28^9	e42	3	6	9	real
329	n41^7	n28^10	e42	3	7	10	real
330	n41^8	n28^11	e42	3	8	11	real
331	n41^9	n28^12	e42	3	9	12	real
332	n41^10	n28^13	e42	3	10	13	real
333	n41^11	n28^14	e42	3	11	14	real
334	n41^12	n28^15	e42	3	12	15	real
335	n41^13	n28^16	e42	3	13	16	real
336	n41^14	n28^17	e42	3	14	17	real
337	n41^15	n28^18	e42	3	15	18	real
338	n41^16	n28^19	e42	3	16	19	real
339	n41^17	n28^20	e42	3	17	20	real
340	n41^18	n28^21	e42	3	18	21	real
341	n41^19	n28^22	e42	3	19	22	real
342	n41^20	n28^23	e42	3	20	23	real
343	n41^21	n28^24	e42	3	21	24	real
344	n41^22	n28^25	e42	3	22	25	real
345	n41^23	n28^26	e42	3	23	26	real
346	n41^24	n28^27	e42	3	24	27	real
347	n41^25	n28^28	e42	3	25	28	real
348	n41^26	n28^29	e42	3	26	29	real
349	n41^27	n28^30	e42	3	27	30	real
350	n41^28	n28^31	e42	3	28	31	real
351	n41^29	n28^32	e42	3	29	32	real
352	n41^30	n28^33	e42	3	30	33	real
353	n41^31	n28^34	e42	3	31	34	real
354	n41^32	n28^35	e42	3	32	35	real
355	n41^33	n28^36	e42	3	33	36	real
356	n41^34	n28^37	e42	3	34	37	real
357	n41^35	n28^38	e42	3	35	38	real
358	n41^36	n28^39	e42	3	36	39	real
359	n41^37	n28^40	e42	3	37	40	real
360	n41^38	n28^41	e42	3	38	41	real
361	n70^0	n63^2	e82r	2	0	2	real
362	n70^1	n63^3	e82r	2	1	3	real
363	n70^2	n63^4	e82r	2	2	4	real
364	n70^3	n63^5	e82r	2	3	5	real
365	n70^4	n63^6	e82r	2	4	6	real
366	n70^5	n63^7	e82r	2	5	7	real
367	n70^6	n63^8	e82r	2	6	8	real
368	n70^7	n63^9	e82r	2	7	9	real
369	n70^8	n63^10	e82r	2	8	10	real
370	n70^9	n63^11	e82r	2	9	11	real
371	n70^10	n63^12	e82r	2	10	12	real
372	n70^11	n63^13	e82r	2	11	13	real
373	n70^12	n63^14	e82r	2	12	14	real
374	n70^13	n63^15	e82r	2	13	15	real
375	n70^14	n63^16	e82r	2	14	16	real
376	n70^15	n63^17	e82r	2	15	17	real
377	n70^16	n63^18	e82r	2	16	18	real
378	n70^17	n63^19	e82r	2	17	19	real
379	n70^18	n63^20	e82r	2	18	20	real
380	n70^19	n63^21	e82r	2	19	21	real
381	n70^20	n63^22	e82r	2	20	22	real
382	n70^21	n63^23	e82r	2	21	23	real
383	n70^22	n63^24	e82r	2	22	24	real
384	n70^23	n63^25	e82r	2	23	25	real
385	n70^24	n63^26	e82r	2	24	26	real
386	n70^25	n63^27	e82r	2	25	27	real
387	n70^26	n63^28	e82r	2	26	28	real
388	n70^27	n63^29	e82r	2	27	29	real
389	n70^28	n63^30	e82r	2	28	30	real
390	n70^29	n63^31	e82r	2	29	31	real
391	n70^30	n63^32	e82r	2	30	32	real
392	n70^31	n63^33	e82r	2	31	33	real
393	n9^0	n7^1	e10	1	0	1	real
394	n9^1	n7^2	e10	1	1	2	real
395	n9^2	n7^3	e10	1	2	3	real
396	n9^3	n7^4	e10	1	3	4	real
397	n9^4	n7^5	e10	1	4	5	real
398	n9^5	n7^6	e10	1	5	6	real
399	n9^6	n7^7	e10	1	6	7	real
400	n9^7	n7^8	e10	1	7	8	real
401	n9^8	n7^9	e10	1	8	9	real
402	n9^9	n7^10	e10	1	9	10	real
403	n9^10	n7^11	e10	1	10	11	real
404	n9^11	n7^12	e10	1	11	12	real
405	n9^12	n7^13	e10	1	12	13	real
406	n9^13	n7^14	e10	1	13	14	real
407	n9^14	n7^15	e10	1	14	15	real
408	n9^15	n7^16	e10	1	15	16	real
409	n9^16	n7^17	e10	1	16	17	real
410	n9^17	n7^18	e10	1	17	18	real
411	n9^18	n7^19	e10	1	18	19	real
412	n9^19	n7^20	e10	1	19	20	real
413	n9^20	n7^21	e10	1	20	21	real
414	n9^21	n7^22	e10	1	21	22	real
415	n9^22	n7^23	e10	1	22	23	real
416	n9^23	n7^24	e10	1	23	24	real
417	n9^24	n7^25	e10	1	24	25	real
418	n9^25	n7^26	e10	1	25	26	real
419	n9^26	n7^27	e10	1	26	27	real
420	n9^27	n7^28	e10	1	27	28	real
421	n9^28	n7^29	e10	1	28	29	real
422	n9^29	n7^30	e10	1	29	30	real
423	n9^30	n7^31	e10	1	30	31	real
424	n9^31	n7^32	e10	1	31	32	real
425	n9^32	n7^33	e10	1	32	33	real
426	n9^33	n7^34	e10	1	33	34	real
427	n9^34	n7^35	e10	1	34	35	real
428	n9^35	n7^36	e10	1	35	36	real
429	n9^36	n7^37	e10	1	36	37	real
430	n9^37	n7^38	e10	1	37	38	real
431	n9^38	n7^39	e10	1	38	39	real
432	n9^39	n7^40	e10	1	39	40	real
433	n9^40	n7^41	e10	1	40	41	real
434	n9^41	n7^42	e10	1	41	42	real
435	n9^42	n7^43	e10	1	42	43	real
436	n9^43	n7^44	e10	1	43	44	real
437	n9^44	n7^45	e10	1	44	45	real
438	n9^45	n7^46	e10	1	45	46	real
439	n46^0	n41^1	e55	1	0	1	real
440	n46^1	n41^2	e55	1	1	2	real
441	n46^2	n41^3	e55	1	2	3	real
442	n46^3	n41^4	e55	1	3	4	real
443	n46^4	n41^5	e55	1	4	5	real
444	n46^5	n41^6	e55	1	5	6	real
445	n46^6	n41^7	e55	1	6	7	real
446	n46^7	n41^8	e55	1	7	8	real
447	n46^8	n41^9	e55	1	8	9	real
448	n46^9	n41^10	e55	1	9	10	real
449	n46^10	n41^11	e55	1	10	11	real
450	n46^11	n41^12	e55	1	11	12	real
451	n46^12	n41^13	e55	1	12	13	real
452	n46^13	n41^14	e55	1	13	14	real
453	n46^14	n41^15	e55	1	14	15	real
454	n46^15	n41^16	e55	1	15	16	real
455	n46^16	n41^17	e55	1	16	17	real
456	n46^17	n41^18	e55	1	17	18	real
457	n46^18	n41^19	e55	1	18	19	real
458	n46^19	n41^20	e55	1	19	20	real
459	n46^20	n41^21	e55	1	20	21	real
460	n46^21	n41^22	e55	1	21	22	real
461	n46^22	n41^23	e55	1	22	23	real
462	n46^23	n41^24	e55	1	23	24	real
463	n46^24	n41^25	e55	1	24	25	real
464	n46^25	n41^26	e55	1	25	26	real
465	n46^26	n41^27	e55	1	26	27	real
466	n46^27	n41^28	e55	1	27	28	real
467	n46^28	n41^29	e55	1	28	29	real
468	n46^29	n41^30	e55	1	29	30	real
469	n46^30	n41^31	e55	1	30	31	real
470	n46^31	n41^32	e55	1	31	32	real
471	n46^32	n41^33	e55	1	32	33	real
472	n46^33	n41^34	e55	1	33	34	real
473	n46^34	n41^35	e55	1	34	35	real
474	n46^35	n41^36	e55	1	35	36	real
475	n46^36	n41^37	e55	1	36	37	real
476	n46^37	n41^38	e55	1	37	38	real
477	n1^0	n4^1	e2r	1	0	1	real
478	n1^1	n4^2	e2r	1	1	2	real
479	n1^2	n4^3	e2r	1	2	3	real
480	n1^3	n4^4	e2r	1	3	4	real
481	n1^4	n4^5	e2r	1	4	5	real
482	n1^5	n4^6	e2r	1	5	6	real
483	n1^6	n4^7	e2r	1	6	7	real
484	n1^7	n4^8	e2r	1	7	8	real
485	n1^8	n4^9	e2r	1	8	9	real
486	n1^9	n4^10	e2r	1	9	10	real
487	n1^10	n4^11	e2r	1	10	11	real
488	n1^11	n4^12	e2r	1	11	12	real
489	n1^12	n4^13	e2r	1	12	13	real
490	n1^13	n4^14	e2r	1	13	14	real
491	n1^14	n4^15	e2r	1	14	15	real
492	n1^15	n4^16	e2r	1	15	16	real
493	n1^16	n4^17	e2r	1	16	17	real
494	n1^17	n4^18	e2r	1	17	18	real
495	n1^18	n4^19	e2r	1	18	19	real
496	n1^19	n4^20	e2r	1	19	20	real
497	n1^20	n4^21	e2r	1	20	21	real
498	n1^21	n4^22	e2r	1	21	22	real
499	n1^22	n4^23	e2r	1	22	23	real
500	n1^23	n4^24	e2r	1	23	24	real
501	n1^24	n4^25	e2r	1	24	25	real
502	n1^25	n4^26	e2r	1	25	26	real
503	n1^26	n4^27	e2r	1	26	27	real
504	n1^27	n4^28	e2r	1	27	28	real
505	n1^28	n4^29	e2r	1	28	29	real
506	n1^29	n4^30	e2r	1	29	30	real
507	n1^30	n4^31	e2r	1	30	31	real
508	n1^31	n4^32	e2r	1	31	32	real
509	n1^32	n4^33	e2r	1	32	33	real
510	n1^33	n4^34	e2r	1	33	34	real
511	n1^34	n4^35	e2r	1	34	35	real
512	n1^35	n4^36	e2r	1	35	36	real
513	n1^36	n4^37	e2r	1	36	37	real
514	n1^37	n4^38	e2r	1	37	38	real
515	n1^38	n4^39	e2r	1	38	39	real
516	n1^39	n4^40	e2r	1	39	40	real
517	n1^40	n4^41	e2r	1	40	41	real
518	n1^41	n4^42	e2r	1	41	42	real
519	n1^42	n4^43	e2r	1	42	43	real
520	n1^43	n4^44	e2r	1	43	44	real
521	n1^44	n4^45	e2r	1	44	45	real
522	n1^45	n4^46	e2r	1	45	46	real
523	n1^46	n4^47	e2r	1	46	47	real
524	n1^47	n4^48	e2r	1	47	48	real
525	n60^0	n59^1	e72	1	0	1	real
526	n60^1	n59^2	e72	1	1	2	real
527	n60^2	n59^3	e72	1	2	3	real
528	n60^3	n59^4	e72	1	3	4	real
529	n60^4	n59^5	e72	1	4	5	real
530	n60^5	n59^6	e72	1	5	6	real
531	n60^6	n59^7	e72	1	6	7	real
532	n60^7	n59^8	e72	1	7	8	real
533	n60^8	n59^9	e72	1	8	9	real
534	n60^9	n59^10	e72	1	9	10	real
535	n60^10	n59^11	e72	1	10	11	real
536	n60^11	n59^12	e72	1	11	12	real
537	n60^12	n59^13	e72	1	12	13	real
538	n60^13	n59^14	e72	1	13	14	real
539	n60^14	n59^15	e72	1	14	15	real
540	n60^15	n59^16	e72	1	15	16	real
541	n60^16	n59^17	e72	1	16	17	real
542	n60^17	n59^18	e72	1	17	18	real
543	n60^18	n59^19	e72	1	18	19	real
544	n60^19	n59^20	e72	1	19	20	real
545	n60^20	n59^21	e72	1	20	21	real
546	n60^21	n59^22	e72	1	21	22	real
547	n60^22	n59^23	e72	1	22	23	real
548	n60^23	n59^24	e72	1	23	24	real
549	n60^24	n59^25	e72	1	24	25	real
550	n60^25	n59^26	e72	1	25	26	real
551	n60^26	n59^27	e72	1	26	27	real
552	n60^27	n59^28	e72	1	27	28	real
553	n60^28	n59^29	e72	1	28	29	real
554	n60^29	n59^30	e72	1	29	30	real
555	n60^30	n59^31	e72	1	30	31	real
556	n60^31	n59^32	e72	1	31	32	real
557	n60^32	n59^33	e72	1	32	33	real
558	n60^33	n59^34	e72	1	33	34	real
559	n60^34	n59^35	e72	1	34	35	real
560	n17^0	n14^1	e16	1	0	1	real
561	n17^1	n14^2	e16	1	1	2	real
562	n17^2	n14^3	e16	1	2	3	real
563	n17^3	n14^4	e16	1	3	4	real
564	n17^4	n14^5	e16	1	4	5	real
565	n17^5	n14^6	e16	1	5	6	real
566	n17^6	n14^7	e16	1	6	7	real
567	n17^7	n14^8	e16	1	7	8	real
568	n17^8	n14^9	e16	1	8	9	real
569	n17^9	n14^10	e16	1	9	10	real
570	n17^10	n14^11	e16	1	10	11	real
571	n17^11	n14^12	e16	1	11	12	real
572	n17^12	n14^13	e16	1	12	13	real
573	n17^13	n14^14	e16	1	13	14	real
574	n17^14	n14^15	e16	1	14	15	real
575	n17^15	n14^16	e16	1	15	16	real
576	n17^16	n14^17	e16	1	16	17	real
577	n17^17	n14^18	e16	1	17	18	real
578	n17^18	n14^19	e16	1	18	19	real
579	n17^19	n14^20	e16	1	19	20	real
580	n17^20	n14^21	e16	1	20	21	real
581	n17^21	n14^22	e16	1	21	22	real
582	n17^22	n14^23	e16	1	22	23	real
583	n17^23	n14^24	e16	1	23	24	real
584	n17^24	n14^25	e16	1	24	25	real
585	n17^25	n14^26	e16	1	25	26	real
586	n17^26	n14^27	e16	1	26	27	real
587	n17^27	n14^28	e16	1	27	28	real
588	n17^28	n14^29	e16	1	28	29	real
589	n17^29	n14^30	e16	1	29	30	real
590	n17^30	n14^31	e16	1	30	31	real
591	n17^31	n14^32	e16	1	31	32	real
592	n17^32	n14^33	e16	1	32	33	real
593	n17^33	n14^34	e16	1	33	34	real
594	n17^34	n14^35	e16	1	34	35	real
595	n17^35	n14^36	e16	1	35	36	real
596	n17^36	n14^37	e16	1	36	37	real
597	n17^37	n14^38	e16	1	37	38	real
598	n17^38	n14^39	e16	1	38	39	real
599	n17^39	n14^40	e16	1	39	40	real
600	n17^40	n14^41	e16	1	40	41	real
601	n17^41	n14^42	e16	1	41	42	real
602	n17^42	n14^43	e16	1	42	43	real
603	n17^43	n14^44	e16	1	43	44	real
604	n79^0	n79^1	w_n79	1	0	1	wait
605	n79^1	n79^2	w_n79	1	1	2	wait
606	n79^2	n79^3	w_n79	1	2	3	wait
607	n79^3	n79^4	w_n79	1	3	4	wait
608	n79^4	n79^5	w_n79	1	4	5	wait
609	n79^5	n79^6	w_n79	1	5	6	wait
610	n79^6	n79^7	w_n79	1	6	7	wait
611	n79^7	n79^8	w_n79	1	7	8	wait
612	n79^8	n79^9	w_n79	1	8	9	wait
613	n79^9	n79^10	w_n79	1	9	10	wait
614	n79^10	n79^11	w_n79	1	10	11	wait
615	n79^11	n79^12	w_n79	1	11	12	wait
616	n79^12	n79^13	w_n79	1	12	13	wait
617	n79^13	n79^14	w_n79	1	13	14	wait
618	n79^14	n79^15	w_n79	1	14	15	wait
619	n79^15	n79^16	w_n79	1	15	16	wait
620	n79^16	n79^17	w_n79	1	16	17	wait
621	n79^17	n79^18	w_n79	1	17	18	wait
622	n79^18	n79^19	w_n79	1	18	19	wait
623	n79^19	n79^20	w_n79	1	19	20	wait
624	n79^20	n79^21	w_n79	1	20	21	wait
625	n79^21	n79^22	w_n79	1	21	22	wait
626	n79^22	n79^23	w_n79	1	22	23	wait
627	n79^23	n79^24	w_n79	1	23	24	wait
628	n79^24	n79^25	w_n79	1	24	25	wait
629	n79^25	n79^26	w_n79	1	25	26	wait
630	n79^26	n79^27	w_n79	1	26	27	wait
631	n79^27	n79^28	w_n79	1	27	28	wait
632	n79^28	n79^29	w_n79	1	28	29	wait
633	n79^29	n79^30	w_n79	1	29	30	wait
634	n79^30	n79^31	w_n79	1	30	31	wait
635	n79^31	n79^32	w_n79	1	31	32	wait
636	n79^32	n79^33	w_n79	1	32	33	wait
637	n79^33	n79^34	w_n79	1	33	34	wait
638	n79^34	n79^35	w_n79	1	34	35	wait
639	n79^35	n79^36	w_n79	1	35	36	wait
640	n79^36	n79^37	w_n79	1	36	37	wait
641	n79^37	n79^38	w_n79	1	37	38	wait
642	n79^38	n79^39	w_n79	1	38	39	wait
643	n79^39	n79^40	w_n79	1	39	40	wait
644	n79^40	n79^41	w_n79	1	40	41	wait
645	n79^41	n79^42	w_n79	1	41	42	wait
646	n79^42	n79^43	w_n79	1	42	43	wait
647	n79^43	n79^44	w_n79	1	43	44	wait
648	n79^44	n79^45	w_n79	1	44	45	wait
649	n79^45	n79^46	w_n79	1	45	46	wait
650	n79^46	n79^47	w_n79	1	46	47	wait
651	n79^47	n79^48	w_n79	1	47	48	wait
652	n77^0	n77^1	w_n77	1	0	1	wait
653	n77^1	n77^2	w_n77	1	1	2	wait
654	n77^2	n77^3	w_n77	1	2	3	wait
655	n77^3	n77^4	w_n77	1	3	4	wait
656	n77^4	n77^5	w_n77	1	4	5	wait
657	n77^5	n77^6	w_n77	1	5	6	wait
658	n77^6	n77^7	w_n77	1	6	7	wait
659	n77^7	n77^8	w_n77	1	7	8	wait
660	n77^8	n77^9	w_n77	1	8	9	wait
661	n77^9	n77^10	w_n77	1	9	10	wait
662	n77^10	n77^11	w_n77	1	10	11	wait
663	n77^11	n77^12	w_n77	1	11	12	wait
664	n77^12	n77^13	w_n77	1	12	13	wait
665	n77^13	n77^14	w_n77	1	13	14	wait
666	n77^14	n77^15	w_n77	1	14	15	wait
667	n77^15	n77^16	w_n77	1	15	16	wait
668	n77^16	n77^17	w_n77	1	16	17	wait
669	n77^17	n77^18	w_n77	1	17	18	wait
670	n77^18	n77^19	w_n77	1	18	19	wait
671	n77^19	n77^20	w_n77	1	19	20	wait
672	n77^20	n77^21	w_n77	1	20	21	wait
673	n77^21	n77^22	w_n77	1	21	22	wait
674	n77^22	n77^23	w_n77	1	22	23	wait
675	n77^23	n77^24	w_n77	1	23	24	wait
676	n77^24	n77^25	w_n77	1	24	25	wait
677	n77^25	n77^26	w_n77	1	25	26	wait
678	n77^26	n77^27	w_n77	1	26	27	wait
679	n77^27	n77^28	w_n77	1	27	28	wait
680	n77^28	n77^29	w_n77	1	28	29	wait
681	n77^29	n77^30	w_n77	1	29	30	wait
682	n77^30	n77^31	w_n77	1	30	31	wait
683	n77^31	n77^32	w_n77	1	31	32	wait
684	n77^32	n77^33	w_n77	1	32	33	wait
685	n77^33	n77^34	w_n77	1	33	34	wait
686	n77^34	n77^35	w_n77	1	34	35	wait
687	n77^35	n77^36	w_n77	1	35	36	wait
688	n77^36	n77^37	w_n77	1	36	37	wait
689	n77^37	n77^38	w_n77	1	37	38	wait
690	n77^38	n77^39	w_n77	1	38	39	wait
691	n77^39	n77^40	w_n77	1	39	40	wait
692	n77^40	n77^41	w_n77	1	40	41	wait
693	n77^41	n77^42	w_n77	1	41	42	wait
694	n77^42	n77^43	w_n77	1	42	43	wait
695	n77^43	n77^44	w_n77	1	43	44	wait
696	n77^44	n77^45	w_n77	1	44	45	wait
697	n77^45	n77^46	w_n77	1	45	46	wait
698	n77^46	n77^47	w_n77	1	46	47	wait
699	n77^47	n77^48	w_n77	1	47	48	wait
700	n76^0	n76^1	w_n76	1	0	1	wait
701	n76^1	n76^2	w_n76	1	1	2	wait
702	n76^2	n76^3	w_n76	1	2	3	wait
703	n76^3	n76^4	w_n76	1	3	4	wait
704	n76^4	n76^5	w_n76	1	4	5	wait
705	n76^5	n76^6	w_n76	1	5	6	wait
706	n76^6	n76^7	w_n76	1	6	7	wait
707	n76^7	n76^8	w_n76	1	7	8	wait
708	n76^8	n76^9	w_n76	1	8	9	wait
709	n76^9	n76^10	w_n76	1	9	10	wait
710	n76^10	n76^11	w_n76	1	10	11	wait
711	n76^11	n76^12	w_n76	1	11	12	wait
712	n76^12	n76^13	w_n76	1	12	13	wait
713	n76^13	n76^14	w_n76	1	13	14	wait
714	n76^14	n76^15	w_n76	1	14	15	wait
715	n76^15	n76^16	w_n76	1	15	16	wait
716	n76^16	n76^17	w_n76	1	16	17	wait
717	n76^17	n76^18	w_n76	1	17	18	wait
718	n76^18	n76^19	w_n76	1	18	19	wait
719	n76^19	n76^20	w_n76	1	19	20	wait
720	n76^20	n76^21	w_n76	1	20	21	wait
721	n76^21	n76^22	w_n76	1	21	22	wait
722	n76^22	n76^23	w_n76	1	22	23	wait
723	n76^23	n76^24	w_n76	1	23	24	wait
724	n76^24	n76^25	w_n76	1	24	25	wait
725	n76^25	n76^26	w_n76	1	25	26	wait
726	n76^26	n76^27	w_n76	1	26	27	wait
727	n76^27	n76^28	w_n76	1	27	28	wait
728	n76^28	n76^29	w_n76	1	28	29	wait
729	n76^29	n76^30	w_n76	1	29	30	wait
730	n76^30	n76^31	w_n76	1	30	31	wait
731	n76^31	n76^32	w_n76	1	31	32	wait
732	n76^32	n76^33	w_n76	1	32	33	wait
733	n76^33	n76^34	w_n76	1	33	34	wait
734	n76^34	n76^35	w_n76	1	34	35	wait
735	n76^35	n76^36	w_n76	1	35	36	wait
736	n76^36	n76^37	w_n76	1	36	37	wait
737	n76^37	n76^38	w_n76	1	37	38	wait
738	n76^38	n76^39	w_n76	1	38	39	wait
739	n76^39	n76^40	w_n76	1	39	40	wait
740	n76^40	n76^41	w_n76	1	40	41	wait
741	n76^41	n76^42	w_n76	1	41	42	wait
742	n76^42	n76^43	w_n76	1	42	43	wait
743	n76^43	n76^44	w_n76	1	43	44	wait
744	n76^44	n76^45	w_n76	1	44	45	wait
745	n76^45	n76^46	w_n76	1	45	46	wait
746	n76^46	n76^47	w_n76	1	46	47	wait
747	n76^47	n76^48	w_n76	1	47	48	wait
748	n73^0	n73^1	w_n73	1	0	1	wait
749	n73^1	n73^2	w_n73	1	1	2	wait
750	n73^2	n73^3	w_n73	1	2	3	wait
751	n73^3	n73^4	w_n73	1	3	4	wait
752	n73^4	n73^5	w_n73	1	4	5	wait
753	n73^5	n73^6	w_n73	1	5	6	wait
754	n73^6	n73^7	w_n73	1	6	7	wait
755	n73^7	n73^8	w_n73	1	7	8	wait
756	n73^8	n73^9	w_n73	1	8	9	wait
757	n73^9	n73^10	w_n73	1	9	10	wait
758	n73^10	n73^11	w_n73	1	10	11	wait
759	n73^11	n73^12	w_n73	1	11	12	wait
760	n73^12	n73^13	w_n73	1	12	13	wait
761	n73^13	n73^14	w_n73	1	13	14	wait
762	n73^14	n73^15	w_n73	1	14	15	wait
763	n73^15	n73^16	w_n73	1	15	16	wait
764	n73^16	n73^17	w_n73	1	16	17	wait
765	n73^17	n73^18	w_n73	1	17	18	wait
766	n73^18	n73^19	w_n73	1	18	19	wait
767	n73^19	n73^20	w_n73	1	19	20	wait
768	n73^20	n73^21	w_n73	1	20	21	wait
769	n73^21	n73^22	w_n73	1	21	22	wait
770	n73^22	n73^23	w_n73	1	22	23	wait
771	n73^23	n73^24	w_n73	1	23	24	wait
772	n73^24	n73^25	w_n73	1	24	25	wait
773	n73^25	n73^26	w_n73	1	25	26	wait
774	n73^26	n73^27	w_n73	1	26	27	wait
775	n73^27	n73^28	w_n73	1	27	28	wait
776	n73^28	n73^29	w_n73	1	28	29	wait
777	n73^29	n73^30	w_n73	1	29	30	wait
778	n73^30	n73^31	w_n73	1	30	31	wait
779	n73^31	n73^32	w_n73	1	31	32	wait
780	n73^32	n73^33	w_n73	1	32	33	wait
781	n73^33	n73^34	w_n73	1	33	34	wait
782	n73^34	n73^35	w_n73	1	34	35	wait
783	n73^35	n73^36	w_n73	1	35	36	wait
784	n73^36	n73^37	w_n73	1	36	37	wait
785	n73^37	n73^38	w_n73	1	37	38	wait
786	n73^38	n73^39	w_n73	1	38	39	wait
787	n73^39	n73^40	w_n73	1	39	40	wait
788	n73^40	n73^41	w_n73	1	40	41	wait
789	n73^41	n73^42	w_n73	1	41	42	wait
790	n73^42	n73^43	w_n73	1	42	43	wait
791	n73^43	n73^44	w_n73	1	43	44	wait
792	n73^44	n73^45	w_n73	1	44	45	wait
793	n73^45	n73^46	w_n73	1	45	46	wait
794	n73^46	n73^47	w_n73	1	46	47	wait
795	n73^47	n73^48	w_n73	1	47	48	wait
796	n70^0	n70^1	w_n70	1	0	1	wait
797	n70^1	n70^2	w_n70	1	1	2	wait
798	n70^2	n70^3	w_n70	1	2	3	wait
799	n70^3	n70^4	w_n70	1	3	4	wait
800	n70^4	n70^5	w_n70	1	4	5	wait
801	n70^5	n70^6	w_n70	1	5	6	wait
802	n70^6	n70^7	w_n70	1	6	7	wait
803	n70^7	n70^8	w_n70	1	7	8	wait
804	n70^8	n70^9	w_n70	1	8	9	wait
805	n70^9	n70^10	w_n70	1	9	10	wait
806	n70^10	n70^11	w_n70	1	10	11	wait
807	n70^11	n70^12	w_n70	1	11	12	wait
808	n70^12	n70^13	w_n70	1	12	13	wait
809	n70^13	n70^14	w_n70	1	13	14	wait
810	n70^14	n70^15	w_n70	1	14	15	wait
811	n70^15	n70^16	w_n70	1	15	16	wait
812	n70^16	n70^17	w_n70	1	16	17	wait
813	n70^17	n70^18	w_n70	1	17	18	wait
814	n70^18	n70^19	w_n70	1	18	19	wait
815	n70^19	n70^20	w_n70	1	19	20	wait
816	n70^20	n70^21	w_n70	1	20	21	wait
817	n70^21	n70^22	w_n70	1	21	22	wait
818	n70^22	n70^23	w_n70	1	22	23	wait
819	n70^23	n70^24	w_n70	1	23	24	wait
820	n70^24	n70^25	w_n70	1	24	25	wait
821	n70^25	n70^26	w_n70	1	25	26	wait
822	n70^26	n70^27	w_n70	1	26	27	wait
823	n70^27	n70^28	w_n70	1	27	28	wait
824	n70^28	n70^29	w_n70	1	28	29	wait
825	n70^29	n70^30	w_n70	1	29	30	wait
826	n70^30	n70^31	w_n70	1	30	31	wait
827	n70^31	n70^32	w_n70	1	31	32	wait
828	n70^32	n70^33	w_n70	1	32	33	wait
829	n70^33	n70^34	w_n70	1	33	34	wait
830	n70^34	n70^35	w_n70	1	34	35	wait
831	n70^35	n70^36	w_n70	1	35	36	wait
832	n70^36	n70^37	w_n70	1	36	37	wait
833	n70^37	n70^38	w_n70	1	37	38	wait
834	n70^38	n70^39	w_n70	1	38	39	wait
835	n70^39	n70^40	w_n70	1	39	40	wait
836	n70^40	n70^41	w_n70	1	40	41	wait
837	n70^41	n70^42	w_n70	1	41	42	wait
838	n70^42	n70^43	w_n70	1	42	43	wait
839	n70^43	n70^44	w_n70	1	43	44	wait
840	n70^44	n70^45	w_n70	1	44	45	wait
841	n70^45	n70^46	w_n70	1	45	46	wait
842	n70^46	n70^47	w_n70	1	46	47	wait
843	n70^47	n70^48	w_n70	1	47	48	wait
844	n63^0	n63^1	w_n63	1	0	1	wait
845	n63^1	n63^2	w_n63	1	1	2	wait
846	n63^2	n63^3	w_n63	1	2	3	wait
847	n63^3	n63^4	w_n63	1	3	4	wait
848	n63^4	n63^5	w_n63	1	4	5	wait
849	n63^5	n63^6	w_n63	1	5	6	wait
850	n63^6	n63^7	w_n63	1	6	7	wait
851	n63^7	n63^8	w_n63	1	7	8	wait
852	n63^8	n63^9	w_n63	1	8	9	wait
853	n63^9	n63^10	w_n63	1	9	10	wait
854	n63^10	n63^11	w_n63	1	10	11	wait
855	n63^11	n63^12	w_n63	1	11	12	wait
856	n63^12	n63^13	w_n63	1	12	13	wait
857	n63^13	n63^14	w_n63	1	13	14	wait
858	n63^14	n63^15	w_n63	1	14	15	wait
859	n63^15	n63^16	w_n63	1	15	16	wait
860	n63^16	n63^17	w_n63	1	16	17	wait
861	n63^17	n63^18	w_n63	1	17	18	wait
862	n63^18	n63^19	w_n63	1	18	19	wait
863	n63^19	n63^20	w_n63	1	19	20	wait
864	n63^20	n63^21	w_n63	1	20	21	wait
865	n63^21	n63^22	w_n63	1	21	22	wait
866	n63^22	n63^23	w_n63	1	22	23	wait
867	n63^23	n63^24	w_n63	1	23	24	wait
868	n63^24	n63^25	w_n63	1	24	25	wait
869	n63^25	n63^26	w_n63	1	25	26	wait
870	n63^26	n63^27	w_n63	1	26	27	wait
871	n63^27	n63^28	w_n63	1	27	28	wait
872	n63^28	n63^29	w_n63	1	28	29	wait
873	n63^29	n63^30	w_n63	1	29	30	wait
874	n63^30	n63^31	w_n63	1	30	31	wait
875	n63^31	n63^32	w_n63	1	31	32	wait
876	n63^32	n63^33	w_n63	1	32	33	wait
877	n63^33	n63^34	w_n63	1	33	34	wait
878	n63^34	n63^35	w_n63	1	34	35	wait
879	n63^35	n63^36	w_n63	1	35	36	wait
880	n63^36	n63^37	w_n63	1	36	37	wait
881	n63^37	n63^38	w_n63	1	37	38	wait
882	n63^38	n63^39	w_n63	1	38	39	wait
883	n63^39	n63^40	w_n63	1	39	40	wait
884	n63^40	n63^41	w_n63	1	40	41	wait
885	n63^41	n63^42	w_n63	1	41	42	wait
886	n63^42	n63^43	w_n63	1	42	43	wait
887	n63^43	n63^44	w_n63	1	43	44	wait
888	n63^44	n63^45	w_n63	1	44	45	wait
889	n63^45	n63^46	w_n63	1	45	46	wait
890	n63^46	n63^47	w_n63	1	46	47	wait
891	n63^47	n63^48	w_n63	1	47	48	wait
892	n60^0	n60^1	w_n60	1	0	1	wait
893	n60^1	n60^2	w_n60	1	1	2	wait
894	n60^2	n60^3	w_n60	1	2	3	wait
895	n60^3	n60^4	w_n60	1	3	4	wait
896	n60^4	n60^5	w_n60	1	4	5	wait
897	n60^5	n60^6	w_n60	1	5	6	wait
898	n60^6	n60^7	w_n60	1	6	7	wait
899	n60^7	n60^8	w_n60	1	7	8	wait
900	n60^8	n60^9	w_n60	1	8	9	wait
901	n60^9	n60^10	w_n60	1	9	10	wait
902	n60^10	n60^11	w_n60	1	10	11	wait
903	n60^11	n60^12	w_n60	1	11	12	wait
904	n60^12	n60^13	w_n60	1	12	13	wait
905	n60^13	n60^14	w_n60	1	13	14	wait
906	n60^14	n60^15	w_n60	1	14	15	wait
907	n60^15	n60^16	w_n60	1	15	16	wait
908	n60^16	n60^17	w_n60	1	16	17	wait
909	n60^17	n60^18	w_n60	1	17	18	wait
910	n60^18	n60^19	w_n60	1	18	19	wait
911	n60^19	n60^20	w_n60	1	19	20	wait
912	n60^20	n60^21	w_n60	1	20	21	wait
913	n60^21	n60^22	w_n60	1	21	22	wait
914	n60^22	n60^23	w_n60	1	22	23	wait
915	n60^23	n60^24	w_n60	1	23	24	wait
916	n60^24	n60^25	w_n60	1	24	25	wait
917	n60^25	n60^26	w_n60	1	25	26	wait
918	n60^26	n60^27	w_n60	1	26	27	wait
919	n60^27	n60^28	w_n60	1	27	28	wait
920	n60^28	n60^29	w_n60	1	28	29	wait
921	n60^29	n60^30	w_n60	1	29	30	wait
922	n60^30	n60^31	w_n60	1	30	31	wait
923	n60^31	n60^32	w_n60	1	31	32	wait
924	n60^32	n60^33	w_n60	1	32	33	wait
925	n60^33	n60^34	w_n60	1	33	34	wait
926	n60^34	n60^35	w_n60	1	34	35	wait
927	n60^35	n60^36	w_n60	1	35	36	wait
928	n60^36	n60^37	w_n60	1	36	37	wait
929	n60^37	n60^38	w_n60	1	37	38	wait
930	n60^38	n60^39	w_n60	1	38	39	wait
931	n60^39	n60^40	w_n60	1	39	40	wait
932	n60^40	n60^41	w_n60	1	40	41	wait
933	n60^41	n60^42	w_n60	1	41	42	wait
934	n60^42	n60^43	w_n60	1	42	43	wait
935	n60^43	n60^44	w_n60	1	43	44	wait
936	n60^44	n60^45	w_n60	1	44	45	wait
937	n60^45	n60^46	w_n60	1	45	46	wait
938	n60^46	n60^47	w_n60	1	46	47	wait
939	n60^47	n60^48	w_n60	1	47	48	wait
940	n59^0	n59^1	w_n59	1	0	1	wait
941	n59^1	n59^2	w_n59	1	1	2	wait
942	n59^2	n59^3	w_n59	1	2	3	wait
943	n59^3	n59^4	w_n59	1	3	4	wait
944	n59^4	n59^5	w_n59	1	4	5	wait
945	n59^5	n59^6	w_n59	1	5	6	wait
946	n59^6	n59^7	w_n59	1	6	7	wait
947	n59^7	n59^8	w_n59	1	7	8	wait
948	n59^8	n59^9	w_n59	1	8	9	wait
949	n59^9	n59^10	w_n59	1	9	10	wait
950	n59^10	n59^11	w_n59	1	10	11	wait
951	n59^11	n59^12	w_n59	1	11	12	wait
952	n59^12	n59^13	w_n59	1	12	13	wait
953	n59^13	n59^14	w_n59	1	13	14	wait
954	n59^14	n59^15	w_n59	1	14	15	wait
955	n59^15	n59^16	w_n59	1	15	16	wait
956	n59^16	n59^17	w_n59	1	16	17	wait
957	n59^17	n59^18	w_n59	1	17	18	wait
958	n59^18	n59^19	w_n59	1	18	19	wait
959	n59^19	n59^20	w_n59	1	19	20	wait
960	n59^20	n59^21	w_n59	1	20	21	wait
961	n59^21	n59^22	w_n59	1	21	22	wait
962	n59^22	n59^23	w_n59	1	22	23	wait
963	n59^23	n59^24	w_n59	1	23	24	wait
964	n59^24	n59^25	w_n59	1	24	25	wait
965	n59^25	n59^26	w_n59	1	25	26	wait
966	n59^26	n59^27	w_n59	1	26	27	wait
967	n59^27	n59^28	w_n59	1	27	28	wait
968	n59^28	n59^29	w_n59	1	28	29	wait
969	n59^29	n59^30	w_n59	1	29	30	wait
970	n59^30	n59^31	w_n59	1	30	31	wait
971	n59^31	n59^32	w_n59	1	31	32	wait
972	n59^32	n59^33	w_n59	1	32	33	wait
973	n59^33	n59^34	w_n59	1	33	34	wait
974	n59^34	n59^35	w_n59	1	34	35	wait
975	n59^35	n59^36	w_n59	1	35	36	wait
976	n59^36	n59^37	w_n59	1	36	37	wait
977	n59^37	n59^38	w_n59	1	37	38	wait
978	n59^38	n59^39	w_n59	1	38	39	wait
979	n59^39	n59^40	w_n59	1	39	40	wait
980	n59^40	n59^41	w_n59	1	40	41	wait
981	n59^41	n59^42	w_n59	1	41	42	wait
982	n59^42	n59^43	w_n59	1	42	43	wait
983	n59^43	n59^44	w_n59	1	43	44	wait
984	n59^44	n59^45	w_n59	1	44	45	wait
985	n59^45	n59^46	w_n59	1	45	46	wait
986	n59^46	n59^47	w_n59	1	46	47	wait
987	n59^47	n59^48	w_n59	1	47	48	wait
988	n46^0	n46^1	w_n46	1	0	1	wait
989	n46^1	n46^2	w_n46	1	1	2	wait
990	n46^2	n46^3	w_n46	1	2	3	wait
991	n46^3	n46^4	w_n46	1	3	4	wait
992	n46^4	n46^5	w_n46	1	4	5	wait
993	n46^5	n46^6	w_n46	1	5	6	wait
994	n46^6	n46^7	w_n46	1	6	7	wait
995	n46^7	n46^8	w_n46	1	7	8	wait
996	n46^8	n46^9	w_n46	1	8	9	wait
997	n46^9	n46^10	w_n46	1	9	10	wait
998	n46^10	n46^11	w_n46	1	10	11	wait
999	n46^11	n46^12	w_n46	1	11	12	wait
1000	n46^12	n46^13	w_n46	1	12	13	wait
1001	n46^13	n46^14	w_n46	1	13	14	wait
1002	n46^14	n46^15	w_n46	1	14	15	wait
1003	n46^15	n46^16	w_n46	1	15	16	wait
1004	n46^16	n46^17	w_n46	1	16	17	wait
1005	n46^17	n46^18	w_n46	1	17	18	wait
1006	n46^18	n46^19	w_n46	1	18	19	wait
1007	n46^19	n46^20	w_n46	1	19	20	wait
1008	n46^20	n46^21	w_n46	1	20	21	wait
1009	n46^21	n46^22	w_n46	1	21	22	wait
1010	n46^22	n46^23	w_n46	1	22	23	wait
1011	n46^23	n46^24	w_n46	1	23	24	wait
1012	n46^24	n46^25	w_n46	1	24	25	wait
1013	n46^25	n46^26	w_n46	1	25	26	wait
1014	n46^26	n46^27	w_n46	1	26	27	wait
1015	n46^27	n46^28	w_n46	1	27	28	wait
1016	n46^28	n46^29	w_n46	1	28	29	wait
1017	n46^29	n46^30	w_n46	1	29	30	wait
1018	n46^30	n46^31	w_n46	1	30	31	wait
1019	n46^31	n46^32	w_n46	1	31	32	wait
1020	n46^32	n46^33	w_n46	1	32	33	wait
1021	n46^33	n46^34	w_n46	1	33	34	wait
1022	n46^34	n46^35	w_n46	1	34	35	wait
1023	n46^35	n46^36	w_n46	1	35	36	wait
1024	n46^36	n46^37	w_n46	1	36	37	wait
1025	n46^37	n46^38	w_n46	1	37	38	wait
1026	n46^38	n46^39	w_n46	1	38	39	wait
1027	n46^39	n46^40	w_n46	1	39	40	wait
1028	n46^40	n46^41	w_n46	1	40	41	wait
1029	n46^41	n46^42	w_n46	1	41	42	wait
1030	n46^42	n46^43	w_n46	1	42	43	wait
1031	n46^43	n46^44	w_n46	1	43	44	wait
1032	n46^44	n46^45	w_n46	1	44	45	wait
1033	n46^45	n46^46	w_n46	1	45	46	wait
1034	n46^46	n46^47	w_n46	1	46	47	wait
1035	n46^47	n46^48	w_n46	1	47	48	wait
1036	n41^0	n41^1	w_n41	1	0	1	wait
1037	n41^1	n41^2	w_n41	1	1	2	wait
1038	n41^2	n41^3	w_n41	1	2	3	wait
1039	n41^3	n41^4	w_n41	1	3	4	wait
1040	n41^4	n41^5	w_n41	1	4	5	wait
1041	n41^5	n41^6	w_n41	1	5	6	wait
1042	n41^6	n41^7	w_n41	1	6	7	wait
1043	n41^7	n41^8	w_n41	1	7	8	wait
1044	n41^8	n41^9	w_n41	1	8	9	wait
1045	n41^9	n41^10	w_n41	1	9	10	wait
1046	n41^10	n41^11	w_n41	1	10	11	wait
1047	n41^11	n41^12	w_n41	1	11	12	wait
1048	n41^12	n41^13	w_n41	1	12	13	wait
1049	n41^13	n41^14	w_n41	1	13	14	wait
1050	n41^14	n41^15	w_n41	1	14	15	wait
1051	n41^15	n41^16	w_n41	1	15	16	wait
1052	n41^16	n41^17	w_n41	1	16	17	wait
1053	n41^17	n41^18	w_n41	1	17	18	wait
1054	n41^18	n41^19	w_n41	1	18	19	wait
1055	n41^19	n41^20	w_n41	1	19	20	wait
1056	n41^20	n41^21	w_n41	1	20	21	wait
1057	n41^21	n41^22	w_n41	1	21	22	wait
1058	n41^22	n41^23	w_n41	1	22	23	wait
1059	n41^23	n41^24	w_n41	1	23	24	wait
1060	n41^24	n41^25	w_n41	1	24	25	wait
1061	n41^25	n41^26	w_n41	1	25	26	wait
1062	n41^26	n41^27	w_n41	1	26	27	wait
1063	n41^27	n41^28	w_n41	1	27	28	wait
1064	n41^28	n41^29	w_n41	1	28	29	wait
1065	n41^29	n41^30	w_n41	1	29	30	wait
1066	n41^30	n41^31	w_n41	1	30	31	wait
1067	n41^31	n41^32	w_n41	1	31	32	wait
1068	n41^32	n41^33	w_n41	1	32	33	wait
1069	n41^33	n41^34	w_n41	1	33	34	wait
1070	n41^34	n41^35	w_n41	1	34	35	wait
1071	n41^35	n41^36	w_n41	1	35	36	wait
1072	n41^36	n41^37	w_n41	1	36	37	wait
1073	n41^37	n41^38	w_n41	1	37	38	wait
1074	n41^38	n41^39	w_n41	1	38	39	wait
1075	n41^39	n41^40	w_n41	1	39	40	wait
1076	n41^40	n41^41	w_n41	1	40	41	wait
1077	n41^41	n41^42	w_n41	1	41	42	wait
1078	n41^42	n41^43	w_n41	1	42	43	wait
1079	n41^43	n41^44	w_n41	1	43	44	wait
1080	n41^44	n41^45	w_n41	1	44	45	wait
1081	n41^45	n41^46	w_n41	1	45	46	wait
1082	n41^46	n41^47	w_n41	1	46	47	wait
1083	n41^47	n41^48	w_n41	1	47	48	wait
1084	n28^0	n28^1	w_n28	1	0	1	wait
1085	n28^1	n28^2	w_n28	1	1	2	wait
1086	n28^2	n28^3	w_n28	1	2	3	wait
1087	n28^3	n28^4	w_n28	1	3	4	wait
1088	n28^4	n28^5	w_n28	1	4	5	wait
1089	n28^5	n28^6	w_n28	1	5	6	wait
1090	n28^6	n28^7	w_n28	1	6	7	wait
1091	n28^7	n28^8	w_n28	1	7	8	wait
1092	n28^8	n28^9	w_n28	1	8	9	wait
1093	n28^9	n28^10	w_n28	1	9	10	wait
1094	n28^10	n28^11	w_n28	1	10	11	wait
1095	n28^11	n28^12	w_n28	1	11	12	wait
1096	n28^12	n28^13	w_n28	1	12	13	wait
1097	n28^13	n28^14	w_n28	1	13	14	wait
1098	n28^14	n28^15	w_n28	1	14	15	wait
1099	n28^15	n28^16	w_n28	1	15	16	wait
1100	n28^16	n28^17	w_n28	1	16	17	wait
1101	n28^17	n28^18	w_n28	1	17	18	wait
1102	n28^18	n28^19	w_n28	1	18	19	wait
1103	n28^19	n28^20	w_n28	1	19	20	wait
1104	n28^20	n28^21	w_n28	1	20	21	wait
1105	n28^21	n28^22	w_n28	1	21	22	wait
1106	n28^22	n28^23	w_n28	1	22	23	wait
1107	n28^23	n28^24	w_n28	1	23	24	wait
1108	n28^24	n28^25	w_n28	1	24	25	wait
1109	n28^25	n28^26	w_n28	1	25	26	wait
1110	n28^26	n28^27	w_n28	1	26	27	wait
1111	n28^27	n28^28	w_n28	1	27	28	wait
1112	n28^28	n28^29	w_n28	1	28	29	wait
1113	n28^29	n28^30	w_n28	1	29	30	wait
1114	n28^30	n28^31	w_n28	1	30	31	wait
1115	n28^31	n28^32	w_n28	1	31	32	wait
1116	n28^32	n28^33	w_n28	1	32	33	wait
1117	n28^33	n28^34	w_n28	1	33	34	wait
1118	n28^34	n28^35	w_n28	1	34	35	wait
1119	n28^35	n28^36	w_n28	1	35	36	wait
1120	n28^36	n28^37	w_n28	1	36	37	wait
1121	n28^37	n28^38	w_n28	1	37	38	wait
1122	n28^38	n28^39	w_n28	1	38	39	wait
1123	n28^39	n28^40	w_n28	1	39	40	wait
1124	n28^40	n28^41	w_n28	1	40	41	wait
1125	n28^41	n28^42	w_n28	1	41	42	wait
1126	n28^42	n28^43	w_n28	1	42	43	wait
1127	n28^43	n28^44	w_n28	1	43	44	wait
1128	n28^44	n28^45	w_n28	1	44	45	wait
1129	n28^45	n28^46	w_n28	1	45	46	wait
1130	n28^46	n28^47	w_n28	1	46	47	wait
1131	n28^47	n28^48	w_n28	1	47	48	wait
1132	n17^0	n17^1	w_n17	1	0	1	wait
1133	n17^1	n17^2	w_n17	1	1	2	wait
1134	n17^2	n17^3	w_n17	1	2	3	wait
1135	n17^3	n17^4	w_n17	1	3	4	wait
1136	n17^4	n17^5	w_n17	1	4	5	wait
1137	n17^5	n17^6	w_n17	1	5	6	wait
1138	n17^6	n17^7	w_n17	1	6	7	wait
1139	n17^7	n17^8	w_n17	1	7	8	wait
1140	n17^8	n17^9	w_n17	1	8	9	wait
1141	n17^9	n17^10	w_n17	1	9	10	wait
1142	n17^10	n17^11	w_n17	1	10	11	wait
1143	n17^11	n17^12	w_n17	1	11	12	wait
1144	n17^12	n17^13	w_n17	1	12	13	wait
1145	n17^13	n17^14	w_n17	1	13	14	wait
1146	n17^14	n17^15	w_n17	1	14	15	wait
1147	n17^15	n17^16	w_n17	1	15	16	wait
1148	n17^16	n17^17	w_n17	1	16	17	wait
1149	n17^17	n17^18	w_n17	1	17	18	wait
1150	n17^18	n17^19	w_n17	1	18	19	wait
1151	n17^19	n17^20	w_n17	1	19	20	wait
1152	n17^20	n17^21	w_n17	1	20	21	wait
1153	n17^21	n17^22	w_n17	1	21	22	wait
1154	n17^22	n17^23	w_n17	1	22	23	wait
1155	n17^23	n17^24	w_n17	1	23	24	wait
1156	n17^24	n17^25	w_n17	1	24	25	wait
1157	n17^25	n17^26	w_n17	1	25	26	wait
1158	n17^26	n17^27	w_n17	1	26	27	wait
1159	n17^27	n17^28	w_n17	1	27	28	wait
1160	n17^28	n17^29	w_n17	1	28	29	wait
1161	n17^29	n17^30	w_n17	1	29	30	wait
1162	n17^30	n17^31	w_n17	1	30	31	wait
1163	n17^31	n17^32	w_n17	1	31	32	wait
1164	n17^32	n17^33	w_n17	1	32	33	wait
1165	n17^33	n17^34	w_n17	1	33	34	wait
1166	n17^34	n17^35	w_n17	1	34	35	wait
1167	n17^35	n17^36	w_n17	1	35	36	wait
1168	n17^36	n17^37	w_n17	1	36	37	wait
1169	n17^37	n17^38	w_n17	1	37	38	wait
1170	n17^38	n17^39	w_n17	1	38	39	wait
1171	n17^39	n17^40	w_n17	1	39	40	wait
1172	n17^40	n17^41	w_n17	1	40	41	wait
1173	n17^41	n17^42	w_n17	1	41	42	wait
1174	n17^42	n17^43	w_n17	1	42	43	wait
1175	n17^43	n17^44	w_n17	1	43	44	wait
1176	n17^44	n17^45	w_n17	1	44	45	wait
1177	n17^45	n17^46	w_n17	1	45	46	wait
1178	n17^46	n17^47	w_n17	1	46	47	wait
1179	n17^47	n17^48	w_n17	1	47	48	wait
1180	n14^0	n14^1	w_n14	1	0	1	wait
1181	n14^1	n14^2	w_n14	1	1	2	wait
1182	n14^2	n14^3	w_n14	1	2	3	wait
1183	n14^3	n14^4	w_n14	1	3	4	wait
1184	n14^4	n14^5	w_n14	1	4	5	wait
1185	n14^5	n14^6	w_n14	1	5	6	wait
1186	n14^6	n14^7	w_n14	1	6	7	wait
1187	n14^7	n14^8	w_n14	1	7	8	wait
1188	n14^8	n14^9	w_n14	1	8	9	wait
1189	n14^9	n14^10	w_n14	1	9	10	wait
1190	n14^10	n14^11	w_n14	1	10	11	wait
1191	n14^11	n14^12	w_n14	1	11	12	wait
1192	n14^12	n14^13	w_n14	1	12	13	wait
1193	n14^13	n14^14	w_n14	1	13	14	wait
1194	n14^14	n14^15	w_n14	1	14	15	wait
1195	n14^15	n14^16	w_n14	1	15	16	wait
1196	n14^16	n14^17	w_n14	1	16	17	wait
1197	n14^17	n14^18	w_n14	1	17	18	wait
1198	n14^18	n14^19	w_n14	1	18	19	wait
1199	n14^19	n14^20	w_n14	1	19	20	wait
1200	n14^20	n14^21	w_n14	1	20	21	wait
1201	n14^21	n14^22	w_n14	1	21	22	wait
1202	n14^22	n14^23	w_n14	1	22	23	wait
1203	n14^23	n14^24	w_n14	1	23	24	wait
1204	n14^24	n14^25	w_n14	1	24	25	wait
1205	n14^25	n14^26	w_n14	1	25	26	wait
1206	n14^26	n14^27	w_n14	1	26	27	wait
1207	n14^27	n14^28	w_n14	1	27	28	wait
1208	n14^28	n14^29	w_n14	1	28	29	wait
1209	n14^29	n14^30	w_n14	1	29	30	wait
1210	n14^30	n14^31	w_n14	1	30	31	wait
1211	n14^31	n14^32	w_n14	1	31	32	wait
1212	n14^32	n14^33	w_n14	1	32	33	wait
1213	n14^33	n14^34	w_n14	1	33	34	wait
1214	n14^34	n14^35	w_n14	1	34	35	wait
1215	n14^35	n14^36	w_n14	1	35	36	wait
1216	n14^36	n14^37	w_n14	1	36	37	wait
1217	n14^37	n14^38	w_n14	1	37	38	wait
1218	n14^38	n14^39	w_n14	1	38	39	wait
1219	n14^39	n14^40	w_n14	1	39	40	wait
1220	n14^40	n14^41	w_n14	1	40	41	wait
1221	n14^41	n14^42	w_n14	1	41	42	wait
1222	n14^42	n14^43	w_n14	1	42	43	wait
1223	n14^43	n14^44	w_n14	1	43	44	wait
1224	n14^44	n14^45	w_n14	1	44	45	wait
1225	n14^45	n14^46	w_n14	1	45	46	wait
1226	n14^46	n14^47	w_n14	1	46	47	wait
1227	n14^47	n14^48	w_n14	1	47	48	wait
1228	n9^0	n9^1	w_n9	1	0	1	wait
1229	n9^1	n9^2	w_n9	1	1	2	wait
1230	n9^2	n9^3	w_n9	1	2	3	wait
1231	n9^3	n9^4	w_n9	1	3	4	wait
1232	n9^4	n9^5	w_n9	1	4	5	wait
1233	n9^5	n9^6	w_n9	1	5	6	wait
1234	n9^6	n9^7	w_n9	1	6	7	wait
1235	n9^7	n9^8	w_n9	1	7	8	wait
1236	n9^8	n9^9	w_n9	1	8	9	wait
1237	n9^9	n9^10	w_n9	1	9	10	wait
1238	n9^10	n9^11	w_n9	1	10	11	wait
1239	n9^11	n9^12	w_n9	1	11	12	wait
1240	n9^12	n9^13	w_n9	1	12	13	wait
1241	n9^13	n9^14	w_n9	1	13	14	wait
1242	n9^14	n9^15	w_n9	1	14	15	wait
1243	n9^15	n9^16	w_n9	1	15	16	wait
1244	n9^16	n9^17	w_n9	1	16	17	wait
1245	n9^17	n9^18	w_n9	1	17	18	wait
1246	n9^18	n9^19	w_n9	1	18	19	wait
1247	n9^19	n9^20	w_n9	1	19	20	wait
1248	n9^20	n9^21	w_n9	1	20	21	wait
1249	n9^21	n9^22	w_n9	1	21	22	wait
1250	n9^22	n9^23	w_n9	1	22	23	wait
1251	n9^23	n9^24	w_n9	1	23	24	wait
1252	n9^24	n9^25	w_n9	1	24	25	wait
1253	n9^25	n9^26	w_n9	1	25	26	wait
1254	n9^26	n9^27	w_n9	1	26	27	wait
1255	n9^27	n9^28	w_n9	1	27	28	wait
1256	n9^28	n9^29	w_n9	1	28	29	wait
1257	n9^29	n9^30	w_n9	1	29	30	wait
1258	n9^30	n9^31	w_n9	1	30	31	wait
1259	n9^31	n9^32	w_n9	1	31	32	wait
1260	n9^32	n9^33	w_n9	1	32	33	wait
1261	n9^33	n9^34	w_n9	1	33	34	wait
1262	n9^34	n9^35	w_n9	1	34	35	wait
1263	n9^35	n9^36	w_n9	1	35	36	wait
1264	n9^36	n9^37	w_n9	1	36	37	wait
1265	n9^37	n9^38	w_n9	1	37	38	wait
1266	n9^38	n9^39	w_n9	1	38	39	wait
1267	n9^39	n9^40	w_n9	1	39	40	wait
1268	n9^40	n9^41	w_n9	1	40	41	wait
1269	n9^41	n9^42	w_n9	1	41	42	wait
1270	n9^42	n9^43	w_n9	1	42	43	wait
1271	n9^43	n9^44	w_n9	1	43	44	wait
1272	n9^44	n9^45	w_n9	1	44	45	wait
1273	n9^45	n9^46	w_n9	1	45	46	wait
1274	n9^46	n9^47	w_n9	1	46	47	wait
1275	n9^47	n9^48	w_n9	1	47	48	wait
1276	n7^0	n7^1	w_n7	1	0	1	wait
1277	n7^1	n7^2	w_n7	1	1	2	wait
1278	n7^2	n7^3	w_n7	1	2	3	wait
1279	n7^3	n7^4	w_n7	1	3	4	wait
1280	n7^4	n7^5	w_n7	1	4	5	wait
1281	n7^5	n7^6	w_n7	1	5	6	wait
1282	n7^6	n7^7	w_n7	1	6	7	wait
1283	n7^7	n7^8	w_n7	1	7	8	wait
1284	n7^8	n7^9	w_n7	1	8	9	wait
1285	n7^9	n7^10	w_n7	1	9	10	wait
1286	n7^10	n7^11	w_n7	1	10	11	wait
1287	n7^11	n7^12	w_n7	1	11	12	wait
1288	n7^12	n7^13	w_n7	1	12	13	wait
1289	n7^13	n7^14	w_n7	1	13	14	wait
1290	n7^14	n7^15	w_n7	1	14	15	wait
1291	n7^15	n7^16	w_n7	1	15	16	wait
1292	n7^16	n7^17	w_n7	1	16	17	wait
1293	n7^17	n7^18	w_n7	1	17	18	wait
1294	n7^18	n7^19	w_n7	1	18	19	wait
1295	n7^19	n7^20	w_n7	1	19	20	wait
1296	n7^20	n7^21	w_n7	1	20	21	wait
1297	n7^21	n7^22	w_n7	1	21	22	wait
1298	n7^22	n7^23	w_n7	1	22	23	wait
1299	n7^23	n7^24	w_n7	1	23	24	wait
1300	n7^24	n7^25	w_n7	1	24	25	wait
1301	n7^25	n7^26	w_n7	1	25	26	wait
1302	n7^26	n7^27	w_n7	1	26	27	wait
1303	n7^27	n7^28	w_n7	1	27	28	wait
1304	n7^28	n7^29	w_n7	1	28	29	wait
1305	n7^29	n7^30	w_n7	1	29	30	wait
1306	n7^30	n7^31	w_n7	1	30	31	wait
1307	n7^31	n7^32	w_n7	1	31	32	wait
1308	n7^32	n7^33	w_n7	1	32	33	wait
1309	n7^33	n7^34	w_n7	1	33	34	wait
1310	n7^34	n7^35	w_n7	1	34	35	wait
1311	n7^35	n7^36	w_n7	1	35	36	wait
1312	n7^36	n7^37	w_n7	1	36	37	wait
1313	n7^37	n7^38	w_n7	1	37	38	wait
1314	n7^38	n7^39	w_n7	1	38	39	wait
1315	n7^39	n7^40	w_n7	1	39	40	wait
1316	n7^40	n7^41	w_n7	1	40	41	wait
1317	n7^41	n7^42	w_n7	1	41	42	wait
1318	n7^42	n7^43	w_n7	1	42	43	wait
1319	n7^43	n7^44	w_n7	1	43	44	wait
1320	n7^44	n7^45	w_n7	1	44	45	wait
1321	n7^45	n7^46	w_n7	1	45	46	wait
1322	n7^46	n7^47	w_n7	1	46	47	wait
1323	n7^47	n7^48	w_n7	1	47	48	wait
1324	n1^0	n1^1	w_n1	1	0	1	wait
1325	n1^1	n1^2	w_n1	1	1	2	wait
1326	n1^2	n1^3	w_n1	1	2	3	wait
1327	n1^3	n1^4	w_n1	1	3	4	wait
1328	n1^4	n1^5	w_n1	1	4	5	wait
1329	n1^5	n1^6	w_n1	1	5	6	wait
1330	n1^6	n1^7	w_n1	1	6	7	wait
1331	n1^7	n1^8	w_n1	1	7	8	wait
1332	n1^8	n1^9	w_n1	1	8	9	wait
1333	n1^9	n1^10	w_n1	1	9	10	wait
1334	n1^10	n1^11	w_n1	1	10	11	wait
1335	n1^11	n1^12	w_n1	1	11	12	wait
1336	n1^12	n1^13	w_n1	1	12	13	wait
1337	n1^13	n1^14	w_n1	1	13	14	wait
1338	n1^14	n1^15	w_n1	1	14	15	wait
1339	n1^15	n1^16	w_n1	1	15	16	wait
1340	n1^16	n1^17	w_n1	1	16	17	wait
1341	n1^17	n1^18	w_n1	1	17	18	wait
1342	n1^18	n1^19	w_n1	1	18	19	wait
1343	n1^19	n1^20	w_n1	1	19	20	wait
1344	n1^20	n1^21	w_n1	1	20	21	wait
1345	n1^21	n1^22	w_n1	1	21	22	wait
1346	n1^22	n1^23	w_n1	1	22	23	wait
1347	n1^23	n1^24	w_n1	1	23	24	wait
1348	n1^24	n1^25	w_n1	1	24	25	wait
1349	n1^25	n1^26	w_n1	1	25	26	wait
1350	n1^26	n1^27	w_n1	1	26	27	wait
1351	n1^27	n1^28	w_n1	1	27	28	wait
1352	n1^28	n1^29	w_n1	1	28	29	wait
1353	n1^29	n1^30	w_n1	1	29	30	wait
1354	n1^30	n1^31	w_n1	1	30	31	wait
1355	n1^31	n1^32	w_n1	1	31	32	wait
1356	n1^32	n1^33	w_n1	1	32	33	wait
1357	n1^33	n1^34	w_n1	1	33	34	wait
1358	n1^34	n1^35	w_n1	1	34	35	wait
1359	n1^35	n1^36	w_n1	1	35	36	wait
1360	n1^36	n1^37	w_n1	1	36	37	wait
1361	n1^37	n1^38	w_n1	1	37	38	wait
1362	n1^38	n1^39	w_n1	1	38	39	wait
1363	n1^39	n1^40	w_n1	1	39	40	wait
1364	n1^40	n1^41	w_n1	1	40	41	wait
1365	n1^41	n1^42	w_n1	1	41	42	wait
1366	n1^42	n1^43	w_n1	1	42	43	wait
1367	n1^43	n1^44	w_n1	1	43	44	wait
1368	n1^44	n1^45	w_n1	1	44	45	wait
1369	n1^45	n1^46	w_n1	1	45	46	wait
1370	n1^46	n1^47	w_n1	1	46	47	wait
1371	n1^47	n1^48	w_n1	1	47	48	wait
1372	n4^0	n4^1	w_n4	1	0	1	wait
1373	n4^1	n4^2	w_n4	1	1	2	wait
1374	n4^2	n4^3	w_n4	1	2	3	wait
1375	n4^3	n4^4	w_n4	1	3	4	wait
1376	n4^4	n4^5	w_n4	1	4	5	wait
1377	n4^5	n4^6	w_n4	1	5	6	wait
1378	n4^6	n4^7	w_n4	1	6	7	wait
1379	n4^7	n4^8	w_n4	1	7	8	wait
1380	n4^8	n4^9	w_n4	1	8	9	wait
1381	n4^9	n4^10	w_n4	1	9	10	wait
1382	n4^10	n4^11	w_n4	1	10	11	wait
1383	n4^11	n4^12	w_n4	1	11	12	wait
1384	n4^12	n4^13	w_n4	1	12	13	wait
1385	n4^13	n4^14	w_n4	1	13	14	wait
1386	n4^14	n4^15	w_n4	1	14	15	wait
1387	n4^15	n4^16	w_n4	1	15	16	wait
1388	n4^16	n4^17	w_n4	1	16	17	wait
1389	n4^17	n4^18	w_n4	1	17	18	wait
1390	n4^18	n4^19	w_n4	1	18	19	wait
1391	n4^19	n4^20	w_n4	1	19	20	wait
1392	n4^20	n4^21	w_n4	1	20	21	wait
1393	n4^21	n4^22	w_n4	1	21	22	wait
1394	n4^22	n4^23	w_n4	1	22	23	wait
1395	n4^23	n4^24	w_n4	1	23	24	wait
1396	n4^24	n4^25	w_n4	1	24	25	wait
1397	n4^25	n4^26	w_n4	1	25	26	wait
1398	n4^26	n4^27	w_n4	1	26	27	wait
1399	n4^27	n4^28	w_n4	1	27	28	wait
1400	n4^28	n4^29	w_n4	1	28	29	wait
1401	n4^29	n4^30	w_n4	1	29	30	wait
1402	n4^30	n4^31	w_n4	1	30	31	wait
1403	n4^31	n4^32	w_n4	1	31	32	wait
1404	n4^32	n4^33	w_n4	1	32	33	wait
1405	n4^33	n4^34	w_n4	1	33	34	wait
1406	n4^34	n4^35	w_n4	1	34	35	wait
1407	n4^35	n4^36	w_n4	1	35	36	wait
1408	n4^36	n4^37	w_n4	1	36	37	wait
1409	n4^37	n4^38	w_n4	1	37	38	wait
1410	n4^38	n4^39	w_n4	1	38	39	wait
1411	n4^39	n4^40	w_n4	1	39	40	wait
1412	n4^40	n4^41	w_n4	1	40	41	wait
1413	n4^41	n4^42	w_n4	1	41	42	wait
1414	n4^42	n4^43	w_n4	1	42	43	wait
1415	n4^43	n4^44	w_n4	1	43	44	wait
1416	n4^44	n4^45	w_n4	1	44	45	wait
1417	n4^45	n4^46	w_n4	1	45	46	wait
1418	n4^46	n4^47	w_n4	1	46	47	wait
1419	n4^47	n4^48	w_n4	1	47	48	wait
1420	n4^0	SINK^0	dummy_n4	0	0	0	dummy
1421	n4^1	SINK^1	dummy_n4	0	1	1	dummy
1422	n4^2	SINK^2	dummy_n4	0	2	2	dummy
1423	n4^3	SINK^3	dummy_n4	0	3	3	dummy
1424	n4^4	SINK^4	dummy_n4	0	4	4	dummy
1425	n4^5	SINK^5	dummy_n4	0	5	5	dummy
1426	n4^6	SINK^6	dummy_n4	0	6	6	dummy
1427	n4^7	SINK^7	dummy_n4	0	7	7	dummy
1428	n4^8	SINK^8	dummy_n4	0	8	8	dummy
1429	n4^9	SINK^9	dummy_n4	0	9	9	dummy
1430	n4^10	SINK^10	dummy_n4	0	10	10	dummy
1431	n4^11	SINK^11	dummy_n4	0	11	11	dummy
1432	n4^12	SINK^12	dummy_n4	0	12	12	dummy
1433	n4^13	SINK^13	dummy_n4	0	13	13	dummy
1434	n4^14	SINK^14	dummy_n4	0	14	14	dummy
1435	n4^15	SINK^15	dummy_n4	0	15	15	dummy
1436	n4^16	SINK^16	dummy_n4	0	16	16	dummy
1437	n4^17	SINK^17	dummy_n4	0	17	17	dummy
1438	n4^18	SINK^18	dummy_n4	0	18	18	dummy
1439	n4^19	SINK^19	dummy_n4	0	19	19	dummy
1440	n4^20	SINK^20	dummy_n4	0	20	20	dummy
1441	n4^21	SINK^21	dummy_n4	0	21	21	dummy
1442	n4^22	SINK^22	dummy_n4	0	22	22	dummy
1443	n4^23	SINK^23	dummy_n4	0	23	23	dummy
1444	n4^24	SINK^24	dummy_n4	0	24	24	dummy
1445	n4^25	SINK^25	dummy_n4	0	25	25	dummy
1446	n4^26	SINK^26	dummy_n4	0	26	26	dummy
1447	n4^27	SINK^27	dummy_n4	0	27	27	dummy
1448	n4^28	SINK^28	dummy_n4	0	28	28	dummy
1449	n4^29	SINK^29	dummy_n4	0	29	29	dummy
1450	n4^30	SINK^30	dummy_n4	0	30	30	dummy
1451	n4^31	SINK^31	dummy_n4	0	31	31	dummy
1452	n4^32	SINK^32	dummy_n4	0	32	32	dummy
1453	n4^33	SINK^33	dummy_n4	0	33	33	dummy
1454	n4^34	SINK^34	dummy_n4	0	34	34	dummy
1455	n4^35	SINK^35	dummy_n4	0	35	35	dummy
1456	n4^36	SINK^36	dummy_n4	0	36	36	dummy
1457	n4^37	SINK^37	dummy_n4	0	37	37	dummy
1458	n4^38	SINK^38	dummy_n4	0	38	38	dummy
1459	n4^39	SINK^39	dummy_n4	0	39	39	dummy
1460	n4^40	SINK^40	dummy_n4	0	40	40	dummy
1461	n4^41	SINK^41	dummy_n4	0	41	41	dummy
1462	n4^42	SINK^42	dummy_n4	0	42	42	dummy
1463	n4^43	SINK^43	dummy_n4	0	43	43	dummy
1464	n4^44	SINK^44	dummy_n4	0	44	44	dummy
1465	n4^45	SINK^45	dummy_n4	0	45	45	dummy
1466	n4^46	SINK^46	dummy_n4	0	46	46	dummy
1467	n4^47	SINK^47	dummy_n4	0	47	47	dummy
1468	n4^48	SINK^48	dummy_n4	0	48	48	dummy
1469	n79^28	SINK^28	late_n79	0	28	28	dummy
1470	n79^29	SINK^29	late_n79	0	29	29	dummy
1471	n79^30	SINK^30	late_n79	0	30	30	dummy
1472	n79^31	SINK^31	late_n79	0	31	31	dummy
1473	n79^32	SINK^32	late_n79	0	32	32	dummy
1474	n79^33	SINK^33	late_n79	0	33	33	dummy
1475	n79^34	SINK^34	late_n79	0	34	34	dummy
1476	n79^35	SINK^35	late_n79	0	35	35	dummy
1477	n79^36	SINK^36	late_n79	0	36	36	dummy
1478	n79^37	SINK^37	late_n79	0	37	37	dummy
1479	n79^38	SINK^38	late_n79	0	38	38	dummy
1480	n79^39	SINK^39	late_n79	0	39	39	dummy
1481	n79^40	SINK^40	late_n79	0	40	40	dummy
1482	n79^41	SINK^41	late_n79	0	41	41	dummy
1483	n79^42	SINK^42	late_n79	0	42	42	dummy
1484	n79^43	SINK^43	late_n79	0	43	43	dummy
1485	n79^44	SINK^44	late_n79	0	44	44	dummy
1486	n79^45	SINK^45	late_n79	0	45	45	dummy
1487	n79^46	SINK^46	late_n79	0	46	46	dummy
1488	n79^47	SINK^47	late_n79	0	47	47	dummy
1489	n79^48	SINK^48	late_n79	0	48	48	dummy
1490	n77^29	SINK^29	late_n77	0	29	29	dummy
1491	n77^30	SINK^30	late_n77	0	30	30	dummy
1492	n77^31	SINK^31	late_n77	0	31	31	dummy
1493	n77^32	SINK^32	late_n77	0	32	32	dummy
1494	n77^33	SINK^33	late_n77	0	33	33	dummy
1495	n77^34	SINK^34	late_n77	0	34	34	dummy
1496	n77^35	SINK^35	late_n77	0	35	35	dummy
1497	n77^36	SINK^36	late_n77	0	36	36	dummy
1498	n77^37	SINK^37	late_n77	0	37	37	dummy
1499	n77^38	SINK^38	late_n77	0	38	38	dummy
1500	n77^39	SINK^39	late_n77	0	39	39	dummy
1501	n77^40	SINK^40	late_n77	0	40	40	dummy
1502	n77^41	SINK^41	late_n77	0	41	41	dummy
1503	n77^42	SINK^42	late_n77	0	42	42	dummy
1504	n77^43	SINK^43	late_n77	0	43	43	dummy
1505	n77^44	SINK^44	late_n77	0	44	44	dummy
1506	n77^45	SINK^45	late_n77	0	45	45	dummy
1507	n77^46	SINK^46	late_n77	0	46	46	dummy
1508	n77^47	SINK^47	late_n77	0	47	47	dummy
1509	n77^48	SINK^48	late_n77	0	48	48	dummy
1510	n76^30	SINK^30	late_n76	0	30	30	dummy
1511	n76^31	SINK^31	late_n76	0	31	31	dummy
1512	n76^32	SINK^32	late_n76	0	32	32	dummy
1513	n76^33	SINK^33	late_n76	0	33	33	dummy
1514	n76^34	SINK^34	late_n76	0	34	34	dummy
1515	n76^35	SINK^35	late_n76	0	35	35	dummy
1516	n76^36	SINK^36	late_n76	0	36	36	dummy
1517	n76^37	SINK^37	late_n76	0	37	37	dummy
1518	n76^38	SINK^38	late_n76	0	38	38	dummy
1519	n76^39	SINK^39	late_n76	0	39	39	dummy
1520	n76^40	SINK^40	late_n76	0	40	40	dummy
1521	n76^41	SINK^41	late_n76	0	41	41	dummy
1522	n76^42	SINK^42	late_n76	0	42	42	dummy
1523	n76^43	SINK^43	late_n76	0	43	43	dummy
1524	n76^44	SINK^44	late_n76	0	44	44	dummy
1525	n76^45	SINK^45	late_n76	0	45	45	dummy
1526	n76^46	SINK^46	late_n76	0	46	46	dummy
1527	n76^47	SINK^47	late_n76	0	47	47	dummy
1528	n76^48	SINK^48	late_n76	0	48	48	dummy
1529	n73^31	SINK^31	late_n73	0	31	31	dummy
1530	n73^32	SINK^32	late_n73	0	32	32	dummy
1531	n73^33	SINK^33	late_n73	0	33	33	dummy
1532	n73^34	SINK^34	late_n73	0	34	34	dummy
1533	n73^35	SINK^35	late_n73	0	35	35	dummy
1534	n73^36	SINK^36	late_n73	0	36	36	dummy
1535	n73^37	SINK^37	late_n73	0	37	37	dummy
1536	n73^38	SINK^38	late_n73	0	38	38	dummy
1537	n73^39	SINK^39	late_n73	0	39	39	dummy
1538	n73^40	SINK^40	late_n73	0	40	40	dummy
1539	n73^41	SINK^41	late_n73	0	41	41	dummy
1540	n73^42	SINK^42	late_n73	0	42	42	dummy
1541	n73^43	SINK^43	late_n73	0	43	43	dummy
1542	n73^44	SINK^44	late_n73	0	44	44	dummy
1543	n73^45	SINK^45	late_n73	0	45	45	dummy
1544	n73^46	SINK^46	late_n73	0	46	46	dummy
1545	n73^47	SINK^47	late_n73	0	47	47	dummy
1546	n73^48	SINK^48	late_n73	0	48	48	dummy
1547	n70^32	SINK^32	late_n70	0	32	32	dummy
1548	n70^33	SINK^33	late_n70	0	33	33	dummy
1549	n70^34	SINK^34	late_n70	0	34	34	dummy
1550	n70^35	SINK^35	late_n70	0	35	35	dummy
1551	n70^36	SINK^36	late_n70	0	36	36	dummy
1552	n70^37	SINK^37	late_n70	0	37	37	dummy
1553	n70^38	SINK^38	late_n70	0	38	38	dummy
1554	n70^39	SINK^39	late_n70	0	39	39	dummy
1555	n70^40	SINK^40	late_n70	0	40	40	dummy
1556	n70^41	SINK^41	late_n70	0	41	41	dummy
1557	n70^42	SINK^42	late_n70	0	42	42	dummy
1558	n70^43	SINK^43	late_n70	0	43	43	dummy
1559	n70^44	SINK^44	late_n70	0	44	44	dummy
1560	n70^45	SINK^45	late_n70	0	45	45	dummy
1561	n70^46	SINK^46	late_n70	0	46	46	dummy
1562	n70^47	SINK^47	late_n70	0	47	47	dummy
1563	n70^48	SINK^48	late_n70	0	48	48	dummy
1564	n63^34	SINK^34	late_n63	0	34	34	dummy
1565	n63^35	SINK^35	late_n63	0	35	35	dummy
1566	n63^36	SINK^36	late_n63	0	36	36	dummy
1567	n63^37	SINK^37	late_n63	0	37	37	dummy
1568	n63^38	SINK^38	late_n63	0	38	38	dummy
1569	n63^39	SINK^39	late_n63	0	39	39	dummy
1570	n63^40	SINK^40	late_n63	0	40	40	dummy
1571	n63^41	SINK^41	late_n63	0	41	41	dummy
1572	n63^42	SINK^42	late_n63	0	42	42	dummy
1573	n63^43	SINK^43	late_n63	0	43	43	dummy
1574	n63^44	SINK^44	late_n63	0	44	44	dummy
1575	n63^45	SINK^45	late_n63	0	45	45	dummy
1576	n63^46	SINK^46	late_n63	0	46	46	dummy
1577	n63^47	SINK^47	late_n63	0	47	47	dummy
1578	n63^48	SINK^48	late_n63	0	48	48	dummy
1579	n60^35	SINK^35	late_n60	0	35	35	dummy
1580	n60^36	SINK^36	late_n60	0	36	36	dummy
1581	n60^37	SINK^37	late_n60	0	37	37	dummy
1582	n60^38	SINK^38	late_n60	0	38	38	dummy
1583	n60^39	SINK^39	late_n60	0	39	39	dummy
1584	n60^40	SINK^40	late_n60	0	40	40	dummy
1585	n60^41	SINK^41	late_n60	0	41	41	dummy
1586	n60^42	SINK^42	late_n60	0	42	42	dummy
1587	n60^43	SINK^43	late_n60	0	43	43	dummy
1588	n60^44	SINK^44	late_n60	0	44	44	dummy
1589	n60^45	SINK^45	late_n60	0	45	45	dummy
1590	n60^46	SINK^46	late_n60	0	46	46	dummy
1591	n60^47	SINK^47	late_n60	0	47	47	dummy
1592	n60^48	SINK^48	late_n60	0	48	48	dummy
1593	n59^36	SINK^36	late_n59	0	36	36	dummy
1594	n59^37	SINK^37	late_n59	0	37	37	dummy
1595	n59^38	SINK^38	late_n59	0	38	38	dummy
1596	n59^39	SINK^39	late_n59	0	39	39	dummy
1597	n59^40	SINK^40	late_n59	0	40	40	dummy
1598	n59^41	SINK^41	late_n59	0	41	41	dummy
1599	n59^42	SINK^42	late_n59	0	42	42	dummy
1600	n59^43	SINK^43	late_n59	0	43	43	dummy
1601	n59^44	SINK^44	late_n59	0	44	44	dummy
1602	n59^45	SINK^45	late_n59	0	45	45	dummy
1603	n59^46	SINK^46	late_n59	0	46	46	dummy
1604	n59^47	SINK^47	late_n59	0	47	47	dummy
1605	n59^48	SINK^48	late_n59	0	48	48	dummy
1606	n46^38	SINK^38	late_n46	0	38	38	dummy
1607	n46^39	SINK^39	late_n46	0	39	39	dummy
1608	n46^40	SINK^40	late_n46	0	40	40	dummy
1609	n46^41	SINK^41	late_n46	0	41	41	dummy
1610	n46^42	SINK^42	late_n46	0	42	42	dummy
1611	n46^43	SINK^43	late_n46	0	43	43	dummy
1612	n46^44	SINK^44	late_n46	0	44	44	dummy
1613	n46^45	SINK^45	late_n46	0	45	45	dummy
1614	n46^46	SINK^46	late_n46	0	46	46	dummy
1615	n46^47	SINK^47	late_n46	0	47	47	dummy
1616	n46^48	SINK^48	late_n46	0	48	48	dummy
1617	n41^39	SINK^39	late_n41	0	39	39	dummy
1618	n41^40	SINK^40	late_n41	0	40	40	dummy
1619	n41^41	SINK^41	late_n41	0	41	41	dummy
1620	n41^42	SINK^42	late_n41	0	42	42	dummy
1621	n41^43	SINK^43	late_n41	0	43	43	dummy
1622	n41^44	SINK^44	late_n41	0	44	44	dummy
1623	n41^45	SINK^45	late_n41	0	45	45	dummy
1624	n41^46	SINK^46	late_n41	0	46	46	dummy
1625	n41^47	SINK^47	late_n41	0	47	47	dummy
1626	n41^48	SINK^48	late_n41	0	48	48	dummy
1627	n28^42	SINK^42	late_n28	0	42	42	dummy
1628	n28^43	SINK^43	late_n28	0	43	43	dummy
1629	n28^44	SINK^44	late_n28	0	44	44	dummy
1630	n28^45	SINK^45	late_n28	0	45	45	dummy
1631	n28^46	SINK^46	late_n28	0	46	46	dummy
1632	n28^47	SINK^47	late_n28	0	47	47	dummy
1633	n28^48	SINK^48	late_n28	0	48	48	dummy
1634	n17^44	SINK^44	late_n17	0	44	44	dummy
1635	n17^45	SINK^45	late_n17	0	45	45	dummy
1636	n17^46	SINK^46	late_n17	0	46	46	dummy
1637	n17^47	SINK^47	late_n17	0	47	47	dummy
1638	n17^48	SINK^48	late_n17	0	48	48	dummy
1639	n14^45	SINK^45	late_n14	0	45	45	dummy
1640	n14^46	SINK^46	late_n14	0	46	46	dummy
1641	n14^47	SINK^47	late_n14	0	47	47	dummy
1642	n14^48	SINK^48	late_n14	0	48	48	dummy
1643	n9^46	SINK^46	late_n9	0	46	46	dummy
1644	n9^47	SINK^47	late_n9	0	47	47	dummy
1645	n9^48	SINK^48	late_n9	0	48	48	dummy
1646	n7^47	SINK^47	late_n7	0	47	47	dummy
1647	n7^48	SINK^48	late_n7	0	48	48	dummy
1648	n1^48	SINK^48	late_n1	0	48	48	dummy
